Item Type Name,JFNPermitNumber,FilingNumber,Created On Date,Work Type Name,Filing Type Name,LocationBIN,Address,CommunityBoardNumber,LocationBoroughName,Longitude,Latitude,EPSG2263_x,EPSG2263_y
Temporary Oil Tank (above ground),M00154808-I1-LA,I1,2019-04-15,Oil Work,New Job Filing,1000007,4 NEW YORK PLAZA,101,MANHATTAN,-74.0107192993164,40.702781677246094,981277.8678347052,195318.96871837953
Temporary DOB registered oil fired mobile boiler,M00178122-I1-LA,I1,2019-06-10,Oil Work,New Job Filing,1001416,240 GREENWICH STREET,101,MANHATTAN,-74.01223754882812,40.71451187133789,980857.5009633437,199592.6871893672
Temporary DOB registered oil fired mobile boiler,M00158303-S1-LA,S1,2019-06-27,Oil Work,Subsequent Filing,1001531,166 DUANE STREET,101,MANHATTAN,-74.00940704345703,40.716739654541016,981642.2621517316,200404.23957189938
Temporary DOB registered oil fired mobile boiler,M00158303-I1-LA,I1,2019-04-23,Oil Work,New Job Filing,1001531,166 DUANE STREET,101,MANHATTAN,-74.00940704345703,40.716739654541016,981642.2621517316,200404.23957189938
Temporary DOB registered oil fired mobile boiler,M00217534-I1-LA,I1,2019-08-27,Oil Work,New Job Filing,1001874,80 LEONARD STREET,101,MANHATTAN,-74.00525665283203,40.71709060668945,982792.8046073931,200532.00586017457
Temporary DOB registered oil fired mobile boiler,M00090177-I1-LA,I1,2018-10-19,Oil Work,New Job Filing,1002831,67 VESTRY STREET,101,MANHATTAN,-74.01122283935547,40.722740173339844,981139.1832755457,202590.47194244387
Temporary Oil Tank (above ground),M00276795-I1-LA,I1,2019-12-05,Oil Work,New Job Filing,1003142,286 SOUTH STREET,103,MANHATTAN,-73.98621368408203,40.710880279541016,988072.0572070535,198269.651902633
Temporary DOB registered oil fired mobile boiler,M00262400-I1-LA,I1,2019-11-11,Oil Work,New Job Filing,1004564,730 EAST   12 STREET,103,MANHATTAN,-73.97505950927734,40.726009368896484,991162.8218350115,203782.32576409983
Temporary Oil Tank (above ground),M00157816-I1-LA,I1,2019-04-22,Oil Work,New Job Filing,1004645,55 AVENUE C,103,MANHATTAN,-73.98027038574219,40.72261047363281,989718.7883475566,202543.6349344439
Temporary DOB registered oil fired mobile boiler,M00118211-I1-LA,I1,2019-01-10,Oil Work,New Job Filing,1004968,184 EAST    3 STREET,103,MANHATTAN,-73.9839096069336,40.722808837890625,988710.0310628059,202615.6989014016
Temporary Oil Tank (above ground),M00115489-I1-LA,I1,2019-01-03,Oil Work,New Job Filing,1005201,204 AVENUE A,103,MANHATTAN,-73.98075103759766,40.7293815612793,989585.015917025,205010.52231113674
Temporary Oil Tank (above ground),M00090131-I1-LA,I1,2018-10-19,Oil Work,New Job Filing,1005528,164 ALLEN STREET,103,MANHATTAN,-73.98902130126953,40.72101974487305,987293.2228596347,201963.65831189958
Temporary Oil Tank (above ground),M00114837-I1-LA,I1,2019-01-02,Oil Work,New Job Filing,1005562,102 FORSYTH STREET,103,MANHATTAN,-73.99256896972656,40.71831130981445,986309.9162800055,200976.7889930038
Temporary DOB registered oil fired mobile boiler,M00091230-I1-LA,I1,2018-10-23,Oil Work,New Job Filing,1005563,104 FORSYTH STREET,103,MANHATTAN,-73.99253845214844,40.718379974365234,986318.3737641777,201001.8063100656
Temporary DOB registered oil fired mobile boiler,M00219688-I1-LA,I1,2019-08-29,Oil Work,New Job Filing,1005591,135 ELDRIDGE STREET,103,MANHATTAN,-73.99176025390625,40.71910858154297,986534.0687570494,201267.27955772934
Temporary DOB registered oil fired mobile boiler,M00160849-I1-LA,I1,2019-04-30,Oil Work,New Job Filing,1006463,219 EAST   10 STREET,103,MANHATTAN,-73.9856185913086,40.72951126098633,988235.9236884958,205057.51698509048
Temporary Oil Tank (above ground),M00278248-I1-LA,I1,2019-12-09,Oil Work,New Job Filing,1006475,186 2 AVENUE,103,MANHATTAN,-73.9857406616211,40.730690002441406,988202.0210072563,205486.96373284713
Temporary DOB registered oil fired mobile boiler,M00221878-I1-LA,I1,2019-09-04,Oil Work,New Job Filing,1006640,211 EAST    5 STREET,103,MANHATTAN,-73.99040985107422,40.727630615234375,986908.0623283798,204372.15751716343
Temporary DOB registered oil fired mobile boiler,M00207537-I1-LA,I1,2019-08-21,Oil Work,New Job Filing,1007048,483 BROADWAY,102,MANHATTAN,-74.00045013427734,40.7218017578125,984125.2272116807,202248.3792992507
Temporary DOB registered oil fired mobile boiler,M00255762-I1-LA,I1,2019-10-30,Oil Work,New Job Filing,1008020,143 PRINCE STREET,102,MANHATTAN,-74.00061798095703,40.725830078125,984078.7121191074,203716.02108268766
Temporary DOB registered oil fired mobile boiler,M00273511-I1-LA,I1,2019-11-27,Oil Work,New Job Filing,1008241,505 LAGUARDIA PLACE,102,MANHATTAN,-73.9990234375,40.72713851928711,984520.6718306444,204192.7276851138
Temporary DOB registered oil fired mobile boiler,M00181550-I1-LA,I1,2019-06-20,Oil Work,New Job Filing,1008471,682 BROADWAY,102,MANHATTAN,-73.9945297241211,40.727569580078125,985766.1753679882,204349.82235198538
Temporary DOB registered oil fired mobile boiler,M00184197-I1-LA,I1,2019-06-24,Oil Work,New Job Filing,1008507,686 BROADWAY,102,MANHATTAN,-73.99424743652344,40.727909088134766,985844.4078147582,204473.52070013745
Temporary DOB registered oil fired mobile boiler,M00096948-I1-LA,I1,2018-11-06,Oil Work,New Job Filing,1008633,222 THOMPSON STREET,102,MANHATTAN,-73.99883270263672,40.72908020019531,984573.5279957431,204900.14306687293
Temporary DOB registered oil fired mobile boiler,M00196207-I1-LA,I1,2019-07-18,Oil Work,New Job Filing,1008731,103 MACDOUGAL STREET,102,MANHATTAN,-74.00106048583984,40.729801177978516,983956.0790531884,205162.81736483183
Temporary DOB registered oil fired mobile boiler,M00093537-I1-LA,I1,2018-10-29,Oil Work,New Job Filing,1008817,2 WASHINGTON PLACE,102,MANHATTAN,-73.99413299560547,40.72901153564453,985876.0999013354,204875.178732632
Temporary DOB registered oil fired mobile boiler,M00232601-I1-LA,I1,2019-09-21,Oil Work,New Job Filing,1008855,27 WASHINGTON SQUARE NORTH,102,MANHATTAN,-73.998291015625,40.73234939575195,984723.6386649831,206091.21556022376
Temporary DOB registered oil fired mobile boiler,M00087985-I1-LA,I1,2018-10-16,Oil Work,New Job Filing,1009134,817 BROADWAY,102,MANHATTAN,-73.99152374267578,40.73320007324219,986599.1332065429,206401.2530576123
Temporary DOB registered oil fired mobile boiler,M00087985-I1-LA,I1,2018-10-15,Oil Work,New Job Filing,1009134,817 BROADWAY,102,MANHATTAN,-73.99152374267578,40.73320007324219,986599.1332065429,206401.2530576123
Temporary DOB registered oil fired mobile boiler,M00121381-I1-LA,I1,2019-01-18,Oil Work,New Job Filing,1009204,39 EAST   12 STREET,102,MANHATTAN,-73.99179077148438,40.733760833740234,986525.1089639015,206605.54864680857
Temporary DOB registered oil fired mobile boiler,M00091422-I1-LA,I1,2018-10-23,Oil Work,New Job Filing,1009270,5 EAST   10 STREET,102,MANHATTAN,-73.99468994140625,40.733341217041016,985721.641089175,206452.60711814812
Temporary DOB registered oil fired mobile boiler,M00088130-S1-LA,S1,2019-04-26,Oil Work,Subsequent Filing,1009722,55 WEST   13 STREET,102,MANHATTAN,-73.99649810791016,40.7365608215332,985220.4750321418,207625.5850542676
Temporary DOB registered oil fired mobile boiler,M00088130-I1-LA,I1,2018-10-15,Oil Work,New Job Filing,1009722,55 WEST   13 STREET,102,MANHATTAN,-73.99649810791016,40.7365608215332,985220.4750321418,207625.5850542676
Temporary DOB registered oil fired mobile boiler,null,P1,2019-10-02,Oil Work,PAA,1010258,129 WASHINGTON PLACE,102,MANHATTAN,-74.00173950195312,40.73313903808594,983767.9092146817,206378.90716763362
Temporary DOB registered oil fired mobile boiler,M00177190-I1-LA,I1,2019-06-06,Oil Work,New Job Filing,1010258,129 WASHINGTON PLACE,102,MANHATTAN,-74.00173950195312,40.73313903808594,983767.9092146817,206378.90716763362
Temporary Oil Tank (above ground),M00208054-I1-LA,I1,2019-08-09,Oil Work,New Job Filing,1011302,286 WEST   11 STREET,102,MANHATTAN,-74.00495147705078,40.73585891723633,982877.7888223272,207369.878589986
Temporary Oil Tank (above ground),Permit Not Yet Issued,I1,2019-09-30,Oil Work,New Job Filing,1012047,463 WEST STREET,102,MANHATTAN,-74.00907897949219,40.73653030395508,981733.9524718331,207614.5775275358
Temporary DOB registered oil fired mobile boiler,M00192471-I1-LA,I1,2019-07-12,Oil Work,New Job Filing,1012136,84 HORATIO STREET,102,MANHATTAN,-74.0074462890625,40.73857116699219,982186.4813668361,208358.08568523295
Temporary Oil Tank (above ground),M00160706-I1-LA,I1,2019-05-14,Oil Work,New Job Filing,1012541,75 9 AVENUE,104,MANHATTAN,-74.00605773925781,40.742549896240234,982571.3770937147,209807.63331641103
Temporary DOB registered oil fired mobile boiler,M00092929-I1-LA,I1,2018-10-26,Oil Work,New Job Filing,1012641,193 9 AVENUE,104,MANHATTAN,-74.00228118896484,40.745670318603516,983617.9033475257,210944.45294015497
Temporary Oil Tank (above ground),M00250623-I1-LA,I1,2019-10-22,Oil Work,New Job Filing,1012662,188 10 AVENUE,104,MANHATTAN,-74.0047378540039,40.746578216552734,982937.2017667524,211275.25649948104
Temporary DOB registered oil fired mobile boiler,M00275129-I1-LA,I1,2019-12-03,Oil Work,New Job Filing,1013014,327 WEST   14 STREET,104,MANHATTAN,-74.00372314453125,40.7406005859375,983218.2721084182,209097.40151134098
Temporary DOB registered oil fired mobile boiler,M00089009-I1-LA,I1,2018-10-17,Oil Work,New Job Filing,1013561,481 8 AVENUE,104,MANHATTAN,-73.99363708496094,40.75271987915039,986012.9191486561,213512.89044852604
Temporary DOB registered oil fired mobile boiler,M00278995-I1-LA,I1,2019-12-10,Oil Work,New Job Filing,1014166,262 WEST   24 STREET,104,MANHATTAN,-73.99759674072266,40.745548248291016,984915.9224426602,210899.97972518997
Temporary Oil Tank (above ground),M00271647-I1-LA,I1,2019-11-25,Oil Work,New Job Filing,1014471,580 8 AVENUE,105,MANHATTAN,-73.9912109375,40.75484085083008,986685.0338073961,214285.6873102494
Temporary DOB registered oil fired mobile boiler,M00092963-I1-LA,I1,2018-10-26,Oil Work,New Job Filing,1015198,131 WEST   33 STREET,105,MANHATTAN,-73.98967742919922,40.749969482421875,987110.1056194701,212510.93661528034
Temporary Oil Tank (above ground),M00258098-I1-LA,I1,2019-11-04,Oil Work,New Job Filing,1015300,42 WEST   15 STREET,105,MANHATTAN,-73.99527740478516,40.73735046386719,985558.7514718558,207913.29254418748
Temporary Oil Tank (above ground),Permit Not Yet Issued,I1,2019-11-26,Oil Work,New Job Filing,1015410,45 WEST   17 STREET,105,MANHATTAN,-73.99421691894531,40.739139556884766,985852.596087526,208565.13330148693
Temporary Oil Tank (above ground),M00276753-I1-LA,I1,2019-12-06,Oil Work,New Job Filing,1015541,28 WEST   22 STREET,105,MANHATTAN,-73.99183654785156,40.74137878417969,986512.1638291851,209381.00732044704
Temporary Oil Tank (above ground),M00099126-I1-LA,I1,2018-11-19,Oil Work,New Job Filing,1017104,55 EAST   34 STREET,106,MANHATTAN,-73.98177337646484,40.74755859375,989300.2879312861,211632.929257012
Temporary Oil Tank (above ground),M00152952-I1-LA,I1,2019-04-12,Oil Work,New Job Filing,1017220,22 EAST   38 STREET,106,MANHATTAN,-73.98094940185547,40.749969482421875,989528.4062764613,212511.3420684806
Temporary DOB registered oil fired mobile boiler,M00138092-I1-LA,I1,2019-03-05,Oil Work,New Job Filing,1017881,153 EAST   18 STREET,106,MANHATTAN,-73.98577117919922,40.73619079589844,988193.2374263871,207491.07391568823
Temporary Oil Tank (above ground),M00230666-I1-LA,I1,2019-09-18,Oil Work,New Job Filing,1017893,132 EAST   19 STREET,106,MANHATTAN,-73.98596954345703,40.7365608215332,988138.2430870463,207625.87704595577
Temporary DOB registered oil fired mobile boiler,M00122544-I1-LA,I1,2019-01-23,Oil Work,New Job Filing,1019634,207 EAST   21 STREET,106,MANHATTAN,-73.98332977294922,40.73748016357422,988869.7356763876,207960.95054274518
Temporary Oil Tank (above ground),null,P1,2018-12-21,Oil Work,PAA,1020464,316 2 AVENUE,106,MANHATTAN,-73.98265075683594,40.73493957519531,989058.0912986272,207035.37071463696
Temporary Oil Tank (above ground),M00102635-I1-LA,I1,2018-11-23,Oil Work,New Job Filing,1020464,316 2 AVENUE,106,MANHATTAN,-73.98265075683594,40.73493957519531,989058.0912986272,207035.37071463696
Temporary Oil Tank (above ground),M00194569-I1-LA,I1,2019-07-16,Oil Work,New Job Filing,1020570,321 EAST   22 STREET,106,MANHATTAN,-73.98023223876953,40.73698043823242,989728.1807237423,207779.06337196735
Temporary Oil Tank (above ground),M00173659-I1-LA,I1,2019-05-29,Oil Work,New Job Filing,1020570,321 EAST   22 STREET,106,MANHATTAN,-73.98023223876953,40.73698043823242,989728.1807237423,207779.06337196735
Temporary DOB registered oil fired mobile boiler,M00122047-I1-LA,I1,2019-01-22,Oil Work,New Job Filing,1022658,138 WEST   46 STREET,105,MANHATTAN,-73.9840316772461,40.75788879394531,988673.8650524671,215396.43325576762
Temporary DOB registered oil fired mobile boiler,Permit Not Yet Issued,I1,2019-06-06,Oil Work,New Job Filing,1023751,145 WEST   58 STREET,105,MANHATTAN,-73.97810363769531,40.76580047607422,990315.4489158766,218279.27374963157
Temporary DOB registered oil fired mobile boiler,M00129743-I1-LA,I1,2019-02-11,Oil Work,New Job Filing,1024739,205 WEST   46 STREET,105,MANHATTAN,-73.98592376708984,40.759178161621094,988149.6048915572,215866.10211699875
Temporary DOB registered oil fired mobile boiler,M00131163-I1-LA,I1,2019-02-14,Oil Work,New Job Filing,1026344,600 10 AVENUE,104,MANHATTAN,-73.9945068359375,40.76039123535156,985771.7693212322,216307.79897819617
Temporary Oil Tank (above ground),M00100559-I1-LA,I1,2018-11-16,Oil Work,New Job Filing,1026567,401 WEST   47 STREET,104,MANHATTAN,-73.99051666259766,40.76184844970703,986877.1081674193,216838.8044602083
Temporary DOB registered oil fired mobile boiler,M00137489-I1-LA,I1,2019-03-04,Oil Work,New Job Filing,1026715,457 WEST   51 STREET,104,MANHATTAN,-73.99053955078125,40.765220642089844,986870.6349125127,218067.40450652
Temporary Oil Tank (above ground),M00271261-I1-LA,I1,2019-11-25,Oil Work,New Job Filing,1027157,625 WEST   55 STREET,104,MANHATTAN,-73.99352264404297,40.76974868774414,986044.1675628922,219717.04644434422
Temporary DOB registered oil fired mobile boiler,M00178066-I1-LA,I1,2019-06-10,Oil Work,New Job Filing,1027365,44 WEST   62 STREET,107,MANHATTAN,-73.9831314086914,40.770729064941406,988922.3746336469,220074.61404397132
Temporary DOB registered oil fired mobile boiler,M00202743-I1-LA,I1,2019-07-31,Oil Work,New Job Filing,1027463,30 WEST   63 STREET,107,MANHATTAN,-73.98158264160156,40.77077102661133,989351.3592245054,220089.98848079707
Temporary Oil Tank (above ground),M00132125-I1-LA,I1,2019-02-18,Oil Work,New Job Filing,1028453,25 WEST   68 STREET,107,MANHATTAN,-73.97889709472656,40.774349212646484,990094.9053187913,221393.80900578335
Temporary DOB registered oil fired mobile boiler,M00137368-I1-LA,I1,2019-03-04,Oil Work,New Job Filing,1030162,135 WEST   75 STREET,107,MANHATTAN,-73.9787368774414,40.780189514160156,990138.7644537301,223521.63822521098
Temporary Oil Tank (above ground),M00283076-I1-LA,I1,2019-12-17,Oil Work,New Job Filing,1030728,226 WEST   75 STREET,107,MANHATTAN,-73.98174285888672,40.781028747558594,989306.2022843531,223827.21157304983
Temporary DOB registered oil fired mobile boiler,M00163524-I1-LA,I1,2019-05-06,Oil Work,New Job Filing,1030893,226 WEST   78 STREET,107,MANHATTAN,-73.97991180419922,40.78266906738281,989813.1644939352,224424.94672497956
Temporary DOB registered oil fired mobile boiler,M00250576-I1-LA,I1,2019-10-22,Oil Work,New Job Filing,1030966,255 WEST END AVENUE,107,MANHATTAN,-73.9849624633789,40.779571533203125,988414.6438879274,223296.12961263524
Temporary DOB registered oil fired mobile boiler,M00214265-I1-LA,I1,2019-08-21,Oil Work,New Job Filing,1031162,465 COLUMBUS AVENUE,107,MANHATTAN,-73.97358703613281,40.784000396728516,991564.580427058,224910.46018375328
Temporary DOB registered oil fired mobile boiler,M00105073-I1-LA,I1,2018-11-30,Oil Work,New Job Filing,1031162,465 COLUMBUS AVENUE,107,MANHATTAN,-73.97358703613281,40.784000396728516,991564.580427058,224910.46018375328
Temporary Oil Tank (above ground),M00211665-I1-LA,I1,2019-08-15,Oil Work,New Job Filing,1031181,225 CENTRAL PARK WEST,107,MANHATTAN,-73.9714126586914,40.78310012817383,992166.840950095,224582.65076916342
Temporary Oil Tank (above ground),null,P1,2019-07-30,Oil Work,PAA,1031308,11 WEST   84 STREET,107,MANHATTAN,-73.97088623046875,40.78446960449219,992312.4616177521,225081.64560216063
Temporary Oil Tank (above ground),M00147656-I1-LA,I1,2019-03-28,Oil Work,New Job Filing,1031308,11 WEST   84 STREET,107,MANHATTAN,-73.97088623046875,40.78446960449219,992312.4616177521,225081.64560216063
Temporary DOB registered oil fired mobile boiler,M00126008-I1-LA,I1,2019-02-01,Oil Work,New Job Filing,1031422,40 WEST   87 STREET,107,MANHATTAN,-73.97058868408203,40.786460876464844,992394.6173993177,225807.1614454887
Temporary DOB registered oil fired mobile boiler,M00152378-I1-LA,I1,2019-04-09,Oil Work,New Job Filing,1031472,28 WEST   88 STREET,107,MANHATTAN,-73.96965026855469,40.78688049316406,992654.431590582,225960.13079722747
Temporary Oil Tank (above ground),M00089729-I1-LA,I1,2018-10-18,Oil Work,New Job Filing,1031749,26 WEST   96 STREET,107,MANHATTAN,-73.9658203125,40.791839599609375,993714.3159588773,227767.2941699973
Temporary DOB registered oil fired mobile boiler,M00112866-I1-LA,I1,2018-12-21,Oil Work,New Job Filing,1032760,462 AMSTERDAM AVENUE,107,MANHATTAN,-73.97708892822266,40.785400390625,990594.662983046,225420.2526440819
Temporary Oil Tank (above ground),M00281787-I1-LA,I1,2019-12-16,Oil Work,New Job Filing,1033611,251 WEST   92 STREET,107,MANHATTAN,-73.97393798828125,40.7924690246582,991466.4727674131,227995.84251938964
Temporary Oil Tank (above ground),M00186725-I1-LA,I1,2019-06-28,Oil Work,New Job Filing,1033867,340 WEST   85 STREET,107,MANHATTAN,-73.9799575805664,40.788631439208984,989799.9902992473,226597.23942799418
Temporary DOB registered oil fired mobile boiler,M00124341-I1-LA,I1,2019-01-28,Oil Work,New Job Filing,1034063,317 WEST   88 STREET,107,MANHATTAN,-73.97756958007812,40.79072189331055,990461.06171149,227359.02400591373
Temporary Oil Tank (above ground),M00194734-I1-LA,I1,2019-07-17,Oil Work,New Job Filing,1034185,336 WEST   95 STREET,107,MANHATTAN,-73.97545623779297,40.79507064819336,991045.8096339763,228943.58254113988
Temporary Oil Tank (above ground),M00173910-I1-LA,I1,2019-05-30,Oil Work,New Job Filing,1034185,336 WEST   95 STREET,107,MANHATTAN,-73.97545623779297,40.79507064819336,991045.8096339763,228943.58254113988
Temporary DOB registered oil fired mobile boiler,M00270048-I1-LA,I1,2019-11-21,Oil Work,New Job Filing,1037599,212 EAST   47 STREET,106,MANHATTAN,-73.9716567993164,40.75326919555664,992102.7464297184,213714.23059796976
Temporary DOB registered oil fired mobile boiler,M00088020-I1-LA,I1,2018-10-15,Oil Work,New Job Filing,1037995,212 EAST   48 STREET,106,MANHATTAN,-73.9710464477539,40.754058837890625,992271.7548895938,214001.97817909485
Temporary DOB registered oil fired mobile boiler,M00147096-I1-LA,I1,2019-03-27,Oil Work,New Job Filing,1039659,349 EAST   51 STREET,106,MANHATTAN,-73.96614837646484,40.754940032958984,993628.6707167513,214323.51259714575
Temporary DOB registered oil fired mobile boiler,M00090834-I1-LA,I1,2018-10-22,Oil Work,New Job Filing,1040138,439 EAST   51 STREET,106,MANHATTAN,-73.96410369873047,40.75407028198242,994195.2832417248,214006.85964500846
Temporary DOB registered oil fired mobile boiler,M00236344-I1-LA,I1,2019-09-27,Oil Work,New Job Filing,1040472,430 EAST   57 STREET,106,MANHATTAN,-73.96195220947266,40.757568359375,994790.8125069222,215281.57446677895
Temporary DOB registered oil fired mobile boiler,M00163154-I1-LA,I1,2019-05-06,Oil Work,New Job Filing,1040543,4 SUTTON PLACE,106,MANHATTAN,-73.9607162475586,40.7576904296875,995133.2051374594,215326.19980098098
Temporary Oil Tank (above ground),M00273217-I1-LA,I1,2019-11-27,Oil Work,New Job Filing,1041809,10 EAST   77 STREET,108,MANHATTAN,-73.96402740478516,40.775150299072266,994213.2670095033,221687.0133705878
Temporary DOB registered oil fired mobile boiler,M00267909-I1-LA,I1,2019-11-19,Oil Work,New Job Filing,1042767,970 LEXINGTON AVENUE,108,MANHATTAN,-73.96312713623047,40.76953125,994463.474551781,219639.90991866603
Temporary DOB registered oil fired mobile boiler,M00229348-I1-LA,I1,2019-09-17,Oil Work,New Job Filing,1043937,211 EAST   71 STREET,108,MANHATTAN,-73.96018981933594,40.76892852783203,995277.1864828991,219420.674340935
Temporary DOB registered oil fired mobile boiler,M00159968-S1-LA,S1,2019-04-30,Oil Work,Subsequent Filing,1043946,260 EAST   72 STREET,108,MANHATTAN,-73.95879364013672,40.76866912841797,995663.964358992,219326.34536858022
Temporary DOB registered oil fired mobile boiler,M00159968-I1-LA,I1,2019-04-26,Oil Work,New Job Filing,1043946,260 EAST   72 STREET,108,MANHATTAN,-73.95879364013672,40.76866912841797,995663.964358992,219326.34536858022
Temporary DOB registered oil fired mobile boiler,M00235734-I1-LA,I1,2019-09-26,Oil Work,New Job Filing,1044722,349 EAST   65 STREET,108,MANHATTAN,-73.9593734741211,40.763729095458984,995504.187866852,217526.453137419
Temporary Oil Tank (above ground),null,P1,2019-10-30,Oil Work,PAA,1044739,321 EAST   66 STREET,108,MANHATTAN,-73.95970916748047,40.76462936401367,995411.0446587169,217854.40766575382
Temporary Oil Tank (above ground),M00252132-I1-LA,I1,2019-10-24,Oil Work,New Job Filing,1044739,321 EAST   66 STREET,108,MANHATTAN,-73.95970916748047,40.76462936401367,995411.0446587169,217854.40766575382
Temporary DOB registered oil fired mobile boiler,M00233496-I1-LA,I1,2019-09-23,Oil Work,New Job Filing,1044739,321 EAST   66 STREET,108,MANHATTAN,-73.95970916748047,40.76462936401367,995411.0446587169,217854.40766575382
Temporary DOB registered oil fired mobile boiler,null,P1,2019-12-04,Oil Work,PAA,1044890,326 EAST   73 STREET,108,MANHATTAN,-73.95661926269531,40.76871109008789,996266.2488788253,219341.92419432703
Temporary DOB registered oil fired mobile boiler,M00174702-I1-LA,I1,2019-05-31,Oil Work,New Job Filing,1044890,326 EAST   73 STREET,108,MANHATTAN,-73.95661926269531,40.76871109008789,996266.2488788253,219341.92419432703
Temporary DOB registered oil fired mobile boiler,M00130686-I1-LA,I1,2019-02-13,Oil Work,New Job Filing,1044890,326 EAST   73 STREET,108,MANHATTAN,-73.95661926269531,40.76871109008789,996266.2488788253,219341.92419432703
Temporary DOB registered oil fired mobile boiler,M00275197-I1-LA,I1,2019-12-03,Oil Work,New Job Filing,1046011,399 EAST   78 STREET,108,MANHATTAN,-73.95284271240234,40.771690368652344,997311.7501213374,220427.9150101283
Temporary Oil Tank (above ground),M00280374-I1-LA,I1,2019-12-11,Oil Work,New Job Filing,1047404,71 EAST   94 STREET,108,MANHATTAN,-73.95413208007812,40.785919189453125,996951.9032066099,225611.76455386926
Temporary Oil Tank (above ground),M00248312-I1-LA,I1,2019-10-17,Oil Work,New Job Filing,1047404,71 EAST   94 STREET,108,MANHATTAN,-73.95413208007812,40.785919189453125,996951.9032066099,225611.76455386926
Temporary DOB registered oil fired mobile boiler,M00254257-I1-LA,I1,2019-10-28,Oil Work,New Job Filing,1047627,140 EAST   83 STREET,108,MANHATTAN,-73.95690155029297,40.77724838256836,996186.526273054,222452.3064046942
Temporary DOB registered oil fired mobile boiler,M00271272-I1-LA,I1,2019-11-25,Oil Work,New Job Filing,1047951,1045 PARK AVENUE,108,MANHATTAN,-73.95673370361328,40.78028869628906,996232.4658932578,223560.0181285123
Temporary DOB registered oil fired mobile boiler,M00231927-I1-LA,I1,2019-09-20,Oil Work,New Job Filing,1048077,127 EAST   88 STREET,108,MANHATTAN,-73.95468139648438,40.78105926513672,996800.7006609456,223841.04981574713
Temporary Oil Tank (above ground),M00117043-I1-LA,I1,2019-01-08,Oil Work,New Job Filing,1048406,130 EAST   94 STREET,108,MANHATTAN,-73.95250701904297,40.78458023071289,997402.1851801145,225124.1760768573
Temporary DOB registered oil fired mobile boiler,M00224617-I1-LA,I1,2019-09-09,Oil Work,New Job Filing,1048571,236 EAST   82 STREET,108,MANHATTAN,-73.95452880859375,40.775421142578125,996844.0252095935,221786.9137407383
Temporary DOB registered oil fired mobile boiler,M00231556-I1-LA,I1,2019-09-19,Oil Work,New Job Filing,1050385,401 EAST   81 STREET,108,MANHATTAN,-73.95117950439453,40.773681640625,997772.0254880605,221153.65422014962
Temporary DOB registered oil fired mobile boiler,M00265883-I1-LA,I1,2019-11-15,Oil Work,New Job Filing,1050634,1725 YORK AVENUE,108,MANHATTAN,-73.94597625732422,40.7783203125,999212.1490507949,222844.52398098735
Temporary DOB registered oil fired mobile boiler,M00253234-I1-LA,I1,2019-10-25,Oil Work,New Job Filing,1051595,2 EAST  109 STREET,111,MANHATTAN,-73.94950103759766,40.79589080810547,998232.2529982433,229245.4735246954
Temporary DOB registered oil fired mobile boiler,M00112144-I1-LA,I1,2018-12-19,Oil Work,New Job Filing,1052774,312 EAST  106 STREET,111,MANHATTAN,-73.94175720214844,40.79003143310547,1000377.8006370309,227112.0320109637
Temporary DOB registered oil fired mobile boiler,Permit Not Yet Issued,I1,2019-03-15,Oil Work,New Job Filing,1053056,432 EAST  116 STREET,111,MANHATTAN,-73.93437957763672,40.79526138305664,1002419.2839578444,229018.92725761412
Temporary Oil Tank (above ground),Permit Not Yet Issued,I1,2019-12-17,Oil Work,New Job Filing,1053651,40 WEST  128 STREET,110,MANHATTAN,-73.94267272949219,40.8088493347168,1000119.7984736941,233967.88228762575
Temporary DOB registered oil fired mobile boiler,Permit Not Yet Issued,I1,2019-01-11,Oil Work,New Job Filing,1053919,2254 5 AVENUE,110,MANHATTAN,-73.93675994873047,40.81439971923828,1001755.1620623326,235991.21114144105
Temporary DOB registered oil fired mobile boiler,Permit Not Yet Issued,I1,2019-01-10,Oil Work,New Job Filing,1053919,2254 5 AVENUE,110,MANHATTAN,-73.93675994873047,40.81439971923828,1001755.1620623326,235991.21114144105
Temporary Oil Tank (above ground),M00264519-I1-LA,I1,2019-11-13,Oil Work,New Job Filing,1054128,2 EAST  127 STREET,111,MANHATTAN,-73.94110107421875,40.80744934082031,1000555.2196883889,233458.1036447998
Temporary DOB registered oil fired mobile boiler,M00265148-I1-LA,I1,2019-11-14,Oil Work,New Job Filing,1054181,2015 MADISON AVENUE,111,MANHATTAN,-73.93881225585938,40.80772018432617,1001188.7731863041,233557.21581527655
Temporary DOB registered oil fired mobile boiler,Permit Not Yet Issued,I1,2019-11-21,Oil Work,New Job Filing,1054505,105 EAST  128 STREET,111,MANHATTAN,-73.93641662597656,40.80686950683594,1001852.1869147341,233247.75629462197
Temporary DOB registered oil fired mobile boiler,M00217422-S2-LA,S2,2019-11-22,Oil Work,Subsequent Filing,1054505,110 EAST  129 STREET,111,MANHATTAN,-73.93641662597656,40.80686950683594,1001852.1869147341,233247.75629462197
Temporary DOB registered oil fired mobile boiler,M00270685-I1-LA,I1,2019-11-22,Oil Work,New Job Filing,1054921,131 WEST  110 STREET,110,MANHATTAN,-73.9534912109375,40.79893112182617,997126.857870929,230352.5537652052
Temporary DOB registered oil fired mobile boiler,M00109951-I1-LA,I1,2018-12-20,Oil Work,New Job Filing,1055056,160 WEST  116 STREET,110,MANHATTAN,-73.95187377929688,40.80263137817383,997573.9343934399,231700.9284007176
Temporary DOB registered oil fired mobile boiler,M00242546-I1-LA,I1,2019-10-08,Oil Work,New Job Filing,1057044,544 WEST  114 STREET,109,MANHATTAN,-73.96401977539062,40.80611038208008,994210.746965265,232966.8376176949
Temporary DOB registered oil fired mobile boiler,null,P1,2019-01-21,Oil Work,PAA,1057085,265 RIVERSIDE DRIVE,107,MANHATTAN,-73.97328186035156,40.79758071899414,991647.5840683619,229858.26468999364
Temporary DOB registered oil fired mobile boiler,M00089613-I1-LA,I1,2018-10-18,Oil Work,New Job Filing,1057085,265 RIVERSIDE DRIVE,107,MANHATTAN,-73.97328186035156,40.79758071899414,991647.5840683619,229858.26468999364
Temporary DOB registered oil fired mobile boiler,M00106779-I1-LA,I1,2018-12-05,Oil Work,New Job Filing,1057183,308 WEST  103 STREET,107,MANHATTAN,-73.97081756591797,40.799808502197266,992329.6150885485,230670.14150327593
Temporary Oil Tank (above ground),M00170526-I1-LA,I1,2019-05-22,Oil Work,New Job Filing,1057683,134 WEST  122 STREET,110,MANHATTAN,-73.94837188720703,40.8060417175293,998542.7146399304,232943.9869522431
Temporary DOB registered oil fired mobile boiler,M00170526-I1-LA,I1,2019-05-21,Oil Work,New Job Filing,1057683,134 WEST  122 STREET,110,MANHATTAN,-73.94837188720703,40.8060417175293,998542.7146399304,232943.9869522431
Temporary DOB registered oil fired mobile boiler,M00252890-I1-LA,I1,2019-10-25,Oil Work,New Job Filing,1058230,106 WEST  134 STREET,110,MANHATTAN,-73.9422836303711,40.813568115234375,1000226.379256961,235687.17248020045
Temporary DOB registered oil fired mobile boiler,M00153427-I1-LA,I1,2019-04-10,Oil Work,New Job Filing,1058789,208 WEST  133 STREET,110,MANHATTAN,-73.94576263427734,40.814231872558594,999263.2119449681,235928.3875841057
Temporary DOB registered oil fired mobile boiler,M00145859-I1-LA,I1,2019-03-25,Oil Work,New Job Filing,1058791,212 WEST  133 STREET,110,MANHATTAN,-73.94612121582031,40.81438064575195,999163.92120368,235982.5297212367
Temporary Oil Tank (above ground),M00156560-I1-LA,I1,2019-04-18,Oil Work,New Job Filing,1059053,34 MORNINGSIDE AVENUE,110,MANHATTAN,-73.95719909667969,40.80643844604492,996098.9216290318,233087.21199416928
Temporary DOB registered oil fired mobile boiler,M00106216-I1-LA,I1,2018-12-06,Oil Work,New Job Filing,1059807,522 WEST  136 STREET,109,MANHATTAN,-73.95346069335938,40.82004928588867,997131.2194749874,238046.65450465836
Temporary Oil Tank (above ground),M00160953-I1-LA,I1,2019-04-30,Oil Work,New Job Filing,1059809,536 WEST  136 STREET,109,MANHATTAN,-73.95404052734375,40.820289611816406,996970.6862255652,238134.12918341413
Temporary Oil Tank (above ground),M00257222-I1-LA,I1,2019-11-01,Oil Work,New Job Filing,1059836,3041 BROADWAY,109,MANHATTAN,-73.96214294433594,40.81142044067383,994729.4917842157,234901.69915465201
Temporary DOB registered oil fired mobile boiler,M00169206-I1-LA,I1,2019-05-17,Oil Work,New Job Filing,1059836,3041 BROADWAY,109,MANHATTAN,-73.96214294433594,40.81142044067383,994729.4917842157,234901.69915465201
Temporary DOB registered oil fired mobile boiler,M00252828-I1-LA,I1,2019-10-25,Oil Work,New Job Filing,1060045,132 WEST  139 STREET,110,MANHATTAN,-73.94097900390625,40.817230224609375,1000586.6118637973,237021.65061640856
Temporary DOB registered oil fired mobile boiler,M00257409-I1-LA,I1,2019-11-01,Oil Work,New Job Filing,1060538,200 WEST  148 STREET,110,MANHATTAN,-73.93814849853516,40.82360076904297,1001368.4375992136,239343.21033824864
Temporary DOB registered oil fired mobile boiler,M00248249-I1-LA,I1,2019-10-18,Oil Work,New Job Filing,1060569,202 WEST  149 STREET,110,MANHATTAN,-73.93795013427734,40.824241638183594,1001423.1728213788,239576.7410502846
Temporary DOB registered oil fired mobile boiler,M00233553-I1-LA,I1,2019-09-23,Oil Work,New Job Filing,1060573,216 WEST  149 STREET,110,MANHATTAN,-73.93852996826172,40.82448959350586,1001262.6322454998,239666.96703601026
Temporary DOB registered oil fired mobile boiler,M00115433-I1-LA,I1,2019-01-03,Oil Work,New Job Filing,1060738,132 EDGECOMBE AVENUE,110,MANHATTAN,-73.94470977783203,40.82096862792969,999553.0993593968,238383.01181100155
Temporary DOB registered oil fired mobile boiler,M00122211-I1-LA,I1,2019-01-22,Oil Work,New Job Filing,1061700,75 ST NICHOLAS PLACE,109,MANHATTAN,-73.94117736816406,40.8294792175293,1000528.7091951097,241484.36602418026
Temporary DOB registered oil fired mobile boiler,M00202859-I1-LA,I1,2019-07-31,Oil Work,New Job Filing,1062326,640 RIVERSIDE DRIVE,109,MANHATTAN,-73.95379638671875,40.82476043701172,997037.4004225025,239763.04840185997
Temporary Oil Tank (above ground),M00101831-I1-LA,I1,2018-11-20,Oil Work,New Job Filing,1062439,600 WEST  149 STREET,109,MANHATTAN,-73.94911193847656,40.828948974609375,998332.990618212,241289.8040209299
Temporary Oil Tank (above ground),M00148881-I1-LA,I1,2019-04-01,Oil Work,New Job Filing,1062675,2185 AMSTERDAM AVENUE,112,MANHATTAN,-73.93636322021484,40.84008026123047,1001858.1813606741,245347.64919276143
Temporary DOB registered oil fired mobile boiler,M00089015-I1-LA,I1,2018-10-17,Oil Work,New Job Filing,1063096,142 AUDUBON AVENUE,112,MANHATTAN,-73.93665313720703,40.84334945678711,1001777.1005200533,246538.68119121235
Temporary DOB registered oil fired mobile boiler,M00281868-I1-LA,I1,2019-12-14,Oil Work,New Job Filing,1063186,530 WEST  178 STREET,112,MANHATTAN,-73.93341064453125,40.84635925292969,1002673.4144998891,247635.92837893937
Temporary DOB registered oil fired mobile boiler,M00116900-I1-LA,I1,2019-01-09,Oil Work,New Job Filing,1063231,599 WEST  177 STREET,112,MANHATTAN,-73.93522644042969,40.846710205078125,1002170.940041933,247763.41677904854
Temporary Oil Tank (above ground),M00137597-I1-LA,I1,2019-03-04,Oil Work,New Job Filing,1063351,600 WEST  161 STREET,112,MANHATTAN,-73.94361877441406,40.83654022216797,999851.4131380724,244056.5059994813
Temporary Oil Tank (above ground),M00117518-I1-LA,I1,2019-01-09,Oil Work,New Job Filing,1063363,600 WEST  163 STREET,112,MANHATTAN,-73.94271087646484,40.837711334228516,1000102.3611371581,244483.34858714597
Temporary DOB registered oil fired mobile boiler,M00199203-I1-LA,I1,2019-07-24,Oil Work,New Job Filing,1063382,617 WEST  168 STREET,112,MANHATTAN,-73.94039916992188,40.84175109863281,1000741.0273965623,245955.61209668
Temporary DOB registered oil fired mobile boiler,M00191947-I1-LA,I1,2019-07-11,Oil Work,New Job Filing,1063501,4109 BROADWAY,112,MANHATTAN,-73.93916320800781,40.84518814086914,1001082.1374824157,247208.09055594576
Temporary DOB registered oil fired mobile boiler,M00209941-I1-LA,I1,2019-08-13,Oil Work,New Job Filing,1063518,635 WEST  174 STREET,112,MANHATTAN,-73.93903350830078,40.84579849243164,1001117.8676254033,247430.4895425034
Temporary Oil Tank (above ground),null,P1,2018-11-28,Oil Work,PAA,1063864,1610 ST NICHOLAS AVENUE,112,MANHATTAN,-73.92899322509766,40.855228424072266,1003892.9714277391,250868.26369361085
Temporary Oil Tank (above ground),M00089886-S1-LA,S1,2018-12-11,Oil Work,Subsequent Filing,1063864,1610 ST NICHOLAS AVENUE,112,MANHATTAN,-73.92899322509766,40.855228424072266,1003892.9714277391,250868.26369361085
Temporary Oil Tank (above ground),M00089886-I1-LA,I1,2018-10-18,Oil Work,New Job Filing,1063864,1610 ST NICHOLAS AVENUE,112,MANHATTAN,-73.92899322509766,40.855228424072266,1003892.9714277391,250868.26369361085
Temporary DOB registered oil fired mobile boiler,M00170409-I1-LA,I1,2019-05-21,Oil Work,New Job Filing,1063919,130 WADSWORTH AVENUE,112,MANHATTAN,-73.93586730957031,40.849098205566406,1001992.9934367599,248633.32507922838
Temporary DOB registered oil fired mobile boiler,M00243161-I1-LA,I1,2019-10-09,Oil Work,New Job Filing,1063947,185 WADSWORTH AVENUE,112,MANHATTAN,-73.93396759033203,40.85055923461914,1002518.1696819443,249166.02380035227
Temporary DOB registered oil fired mobile boiler,M00179624-I1-LA,I1,2019-06-12,Oil Work,New Job Filing,1064007,621 WEST  188 STREET,112,MANHATTAN,-73.93135833740234,40.854278564453125,1003238.9694959206,250521.67203777932
Temporary DOB registered oil fired mobile boiler,M00145499-I1-LA,I1,2019-03-22,Oil Work,New Job Filing,1064708,9 POST AVENUE,112,MANHATTAN,-73.92455291748047,40.86254119873047,1005119.0216258052,253533.61535545305
Temporary Oil Tank (above ground),M00194243-I1-LA,I1,2019-07-16,Oil Work,New Job Filing,1064728,240 NAGLE AVENUE,112,MANHATTAN,-73.92140197753906,40.86330032348633,1005990.3381962667,253810.96021508833
Temporary DOB registered oil fired mobile boiler,M00125869-I1-LA,I1,2019-01-31,Oil Work,New Job Filing,1075433,545 WEST  111 STREET,109,MANHATTAN,-73.9654769897461,40.80474853515625,993807.5280557515,232470.50642730753
Temporary DOB registered oil fired mobile boiler,M00259484-I1-LA,I1,2019-11-06,Oil Work,New Job Filing,1076145,40 WEST   20 STREET,105,MANHATTAN,-73.99336242675781,40.74045944213867,986089.3548495785,209046.02610938178
Temporary DOB registered oil fired mobile boiler,M00218484-I1-LA,I1,2019-08-28,Oil Work,New Job Filing,1076164,310 EAST   23 STREET,106,MANHATTAN,-73.98040771484375,40.737369537353516,989679.5198566172,207920.81353031367
Temporary DOB registered oil fired mobile boiler,Permit Not Yet Issued,I1,2018-11-12,Oil Work,New Job Filing,1077403,33 GOLD STREET,101,MANHATTAN,-74.00601196289062,40.70891189575195,982583.2207927144,197552.2666625868
Temporary Oil Tank (above ground),M00102323-I1-LA,I1,2018-11-21,Oil Work,New Job Filing,1077643,153 AVENUE A,103,MANHATTAN,-73.98269653320312,40.72774124145508,989045.9230914486,204412.79026466346
Temporary Oil Tank (above ground),M00205850-I1-LA,I1,2019-08-06,Oil Work,New Job Filing,1077748,174 SPRING STREET,102,MANHATTAN,-74.00240325927734,40.724578857421875,983583.8679566409,203260.17118578163
Temporary DOB registered oil fired mobile boiler,M00236514-I1-LA,I1,2019-09-27,Oil Work,New Job Filing,1078156,26 JANE STREET,102,MANHATTAN,-74.0032730102539,40.73796844482422,983342.9738704633,208138.4241874827
Temporary DOB registered oil fired mobile boiler,M00151512-I1-LA,I1,2019-04-05,Oil Work,New Job Filing,1078809,356 EAST   19 STREET,106,MANHATTAN,-73.98074340820312,40.734371185302734,989586.7308438453,206828.39886641322
Temporary DOB registered oil fired mobile boiler,M00171867-I1-LA,I1,2019-05-24,Oil Work,New Job Filing,1078881,347 WEST   48 STREET,104,MANHATTAN,-73.98857879638672,40.761940002441406,987413.9384692985,216872.22418417846
Temporary DOB registered oil fired mobile boiler,M00136713-I1-LA,I1,2019-03-01,Oil Work,New Job Filing,1079521,129 WEST   81 STREET,107,MANHATTAN,-73.97537231445312,40.783870697021484,991070.1940089687,224863.06212878073
Temporary DOB registered oil fired mobile boiler,M00087893-I1-LA,I1,2018-10-15,Oil Work,New Job Filing,1079828,333 BOWERY,103,MANHATTAN,-73.99156951904297,40.725830078125,986586.7050382387,203716.1329223816
Temporary DOB registered oil fired mobile boiler,M00268714-S1-LA,S1,2019-11-21,Oil Work,Subsequent Filing,1080501,1365 5 AVENUE,111,MANHATTAN,-73.94680786132812,40.79869079589844,998977.3254420836,230266.04770624818
Temporary DOB registered oil fired mobile boiler,M00268714-I1-LA,I1,2019-11-20,Oil Work,New Job Filing,1080501,1365 5 AVENUE,111,MANHATTAN,-73.94680786132812,40.79869079589844,998977.3254420836,230266.04770624818
Temporary Oil Tank (above ground),Permit Not Yet Issued,I1,2019-01-16,Oil Work,New Job Filing,1080771,1 EAST   28 STREET,105,MANHATTAN,-73.98681640625,40.74467086791992,987903.1083528028,210580.58778059017
Temporary Oil Tank (above ground),M00088406-I1-LA,I1,2018-10-16,Oil Work,New Job Filing,1082652,66 WEST   94 STREET,107,MANHATTAN,-73.96842956542969,40.79106903076172,992991.9180530583,227486.27823785847
Temporary DOB registered oil fired mobile boiler,M00145138-I1-LA,I1,2019-03-22,Oil Work,New Job Filing,1083853,32 WEST   83 STREET,107,MANHATTAN,-73.97213745117188,40.783668518066406,991966.0545414676,224789.66985928963
Temporary Oil Tank (above ground),M00172964-I1-LA,I1,2019-05-28,Oil Work,New Job Filing,1083931,420 EAST  102 STREET,111,MANHATTAN,-73.94151306152344,40.78643035888672,1000446.2807095988,225800.08251362527
Temporary DOB registered oil fired mobile boiler,M00116402-I1-LA,I1,2019-01-07,Oil Work,New Job Filing,1084164,85 BRADHURST AVENUE,110,MANHATTAN,-73.94113159179688,40.82658004760742,1000542.087302341,240428.10097130912
Temporary DOB registered oil fired mobile boiler,M00261559-I1-LA,I1,2019-11-08,Oil Work,New Job Filing,1084350,408 AUDUBON AVENUE,112,MANHATTAN,-73.93057250976562,40.85163879394531,1003457.1223960731,249560.07447051015
Temporary Oil Tank (above ground),Permit Not Yet Issued,I1,2018-11-23,Oil Work,New Job Filing,1085125,400 EAST   53 STREET,106,MANHATTAN,-73.96465301513672,40.75545120239258,994042.8888653892,214509.91185163156
Temporary Oil Tank (above ground),M00260066-I1-LA,I1,2019-11-06,Oil Work,New Job Filing,1085317,223 WEST  105 STREET,107,MANHATTAN,-73.96697235107422,40.800331115722656,993394.1513560235,230860.92590667092
Temporary DOB registered oil fired mobile boiler,M00124295-I1-LA,I1,2019-01-28,Oil Work,New Job Filing,1085790,140 EAST   14 STREET,103,MANHATTAN,-73.98827362060547,40.73331069946289,987499.8755526148,206441.66152829738
Temporary DOB registered oil fired mobile boiler,M00114375-I1-LA,I1,2018-12-28,Oil Work,New Job Filing,1087709,54 ST MARKS PLACE,103,MANHATTAN,-73.9867935180664,40.727970123291016,987910.3678926551,204495.9812774693
Temporary DOB registered oil fired mobile boiler,M00273505-I1-LA,I1,2019-11-27,Oil Work,New Job Filing,1087825,100 BLEEKER STREET,102,MANHATTAN,-73.99796295166016,40.72679901123047,984814.6073981437,204069.03941787576
Temporary DOB registered oil fired mobile boiler,M00178045-I1-LA,I1,2019-06-10,Oil Work,New Job Filing,1087941,50 WEST   15 STREET,105,MANHATTAN,-73.99546813964844,40.737430572509766,985505.8924711661,207942.4758590623
Temporary DOB registered oil fired mobile boiler,M00171659-I1-LA,I1,2019-05-23,Oil Work,New Job Filing,1089381,101 AVENUE D,103,MANHATTAN,-73.97657775878906,40.7235107421875,990742.2480175182,202871.88263557694
Temporary DOB registered oil fired mobile boiler,M00253224-I1-LA,I1,2019-10-25,Oil Work,New Job Filing,1090766,610 WEST   58 STREET,104,MANHATTAN,-73.9916000366211,40.77103042602539,986576.6672169573,220184.07160747598
Temporary Oil Tank (above ground),M00194530-I1-LA,I1,2019-07-16,Oil Work,New Job Filing,1806930,336 WEST 96 STREET,107,MANHATTAN,-73.97395324707031,40.79555892944336,991461.9129255087,229121.60050711274
Temporary DOB registered oil fired mobile boiler,X00270849-I1-LA,I1,2019-11-22,Oil Work,New Job Filing,2000101,535 EAST  142 STREET,201,BRONX,-73.91676330566406,40.81045913696289,1007291.6955029449,234560.14486197324
Temporary DOB registered oil fired mobile boiler,X00125781-I1-LA,I1,2019-01-31,Oil Work,New Job Filing,2000207,439 EAST  135 STREET,201,BRONX,-73.92269897460938,40.806758880615234,1005649.7656292128,233210.5050994412
Temporary Oil Tank (above ground),null,P1,2019-02-05,Oil Work,PAA,2000217,401 EAST  136 STREET,201,BRONX,-73.92350006103516,40.80780029296875,1005427.664157134,233589.7336421344
Temporary Oil Tank (above ground),X00126741-I1-LA,I1,2019-02-04,Oil Work,New Job Filing,2000217,401 EAST  136 STREET,201,BRONX,-73.92350006103516,40.80780029296875,1005427.664157134,233589.7336421344
Temporary DOB registered oil fired mobile boiler,Permit Not Yet Issued,I1,2019-04-16,Oil Work,New Job Filing,2001348,408 EAST  152 STREET,201,BRONX,-73.91634368896484,40.81787109375,1007405.2753855565,237260.69546928673
Temporary DOB registered oil fired mobile boiler,X00144691-I1-LA,I1,2019-03-21,Oil Work,New Job Filing,2001467,464 EAST  159 STREET,201,BRONX,-73.9124526977539,40.82210159301758,1008480.7241427288,238803.07094810394
Temporary DOB registered oil fired mobile boiler,X00247902-I1-LA,I1,2019-10-17,Oil Work,New Job Filing,2002047,367 EAST  163 STREET,204,BRONX,-73.91451263427734,40.826629638671875,1007908.9796439612,240452.23894733458
Temporary DOB registered oil fired mobile boiler,X00141943-I1-LA,I1,2019-03-14,Oil Work,New Job Filing,2002734,1060 SHERIDAN AVENUE,204,BRONX,-73.91829681396484,40.830909729003906,1006860.2382121428,242010.632712559
Temporary DOB registered oil fired mobile boiler,X00275605-I1-LA,I1,2019-12-04,Oil Work,New Job Filing,2003652,620 EAST  141 STREET,201,BRONX,-73.91423034667969,40.80768966674805,1007993.8604151795,233551.80545187826
Temporary Oil Tank (above ground),X00124526-I1-LA,I1,2019-01-29,Oil Work,New Job Filing,2003864,720 SAINT MARYS STREET,201,BRONX,-73.91050720214844,40.808528900146484,1009024.2365200175,233858.5988499859
Temporary DOB registered oil fired mobile boiler,X00133164-I1-LA,I1,2019-02-20,Oil Work,New Job Filing,2005057,1200 UNION AVENUE,203,BRONX,-73.89888763427734,40.8290901184082,1012232.2260566349,241353.28701844087
Temporary Oil Tank (above ground),X00253982-I1-LA,I1,2019-10-28,Oil Work,New Job Filing,2005987,857 MANIDA STREET,202,BRONX,-73.89021301269531,40.817970275878906,1014637.9507174946,237304.81717118304
Temporary DOB registered oil fired mobile boiler,null,P1,2019-10-01,Oil Work,PAA,2007654,1985 CRESTON AVENUE,205,BRONX,-73.90666198730469,40.85111999511719,1010072.1701452457,249377.2019729353
Temporary DOB registered oil fired mobile boiler,X00194425-I1-LA,I1,2019-07-16,Oil Work,New Job Filing,2007654,1985 CRESTON AVENUE,205,BRONX,-73.90666198730469,40.85111999511719,1010072.1701452457,249377.2019729353
Temporary Oil Tank (above ground),X00118483-I1-LA,I1,2019-01-11,Oil Work,New Job Filing,2007701,1916 GRAND CONCOURSE,205,BRONX,-73.90522003173828,40.8496208190918,1010471.6812201608,248831.42381596842
Temporary DOB registered oil fired mobile boiler,X00168692-I1-LA,I1,2019-05-16,Oil Work,New Job Filing,2007710,264 ECHO PLACE,205,BRONX,-73.90335083007812,40.84928894042969,1010988.9448989246,248711.0729455533
Temporary Oil Tank (above ground),X00218884-I1-LA,I1,2019-08-28,Oil Work,New Job Filing,2008012,1555 GRAND CONCOURSE,204,BRONX,-73.91291046142578,40.842201232910156,1008346.7469912858,246125.98121801077
Temporary DOB registered oil fired mobile boiler,X00198249-I1-LA,I1,2019-07-23,Oil Work,New Job Filing,2008118,1478 WALTON AVENUE,204,BRONX,-73.91442108154297,40.84123992919922,1007929.1168106085,245775.33047211557
Temporary DOB registered oil fired mobile boiler,X00150442-I1-LA,I1,2019-04-04,Oil Work,New Job Filing,2008215,54 EAST  176 STREET,205,BRONX,-73.91050720214844,40.848201751708984,1009009.4694639283,248312.86547964514
Temporary DOB registered oil fired mobile boiler,Permit Not Yet Issued,I1,2019-10-04,Oil Work,New Job Filing,2008238,1895 WALTON AVENUE,205,BRONX,-73.90947723388672,40.849700927734375,1009293.8604454111,248859.36467436407
Temporary DOB registered oil fired mobile boiler,X00214958-I1-LA,I1,2019-08-22,Oil Work,New Job Filing,2008264,1979 WALTON AVENUE,205,BRONX,-73.90811920166016,40.85200881958008,1009668.6890127128,249700.6081978961
Temporary DOB registered oil fired mobile boiler,null,P1,2019-12-16,Oil Work,PAA,2008678,1476 SHAKESPEARE AVENUE,204,BRONX,-73.9195785522461,40.84389114379883,1006501.1926185379,246739.91489091804
Temporary DOB registered oil fired mobile boiler,X00209462-I1-LA,I1,2019-08-12,Oil Work,New Job Filing,2008678,1476 SHAKESPEARE AVENUE,204,BRONX,-73.9195785522461,40.84389114379883,1006501.1926185379,246739.91489091804
Temporary DOB registered oil fired mobile boiler,X00220686-I1-LA,I1,2019-09-03,Oil Work,New Job Filing,2008690,1475 JESUP AVENUE,204,BRONX,-73.91961669921875,40.843170166015625,1006490.8790754052,246477.22600696227
Temporary DOB registered oil fired mobile boiler,Permit Not Yet Issued,I1,2019-12-11,Oil Work,New Job Filing,2009884,819 EAST  173 STREET,203,BRONX,-73.88981628417969,40.83654022216797,1014739.250971905,244070.6605142887
Temporary DOB registered oil fired mobile boiler,X00179693-I1-LA,I1,2019-06-12,Oil Work,New Job Filing,2009895,1898 BELMONT AVENUE,206,BRONX,-73.89246368408203,40.844879150390625,1014002.9520086894,247107.9313679488
Temporary Oil Tank (above ground),X00167035-I1-LA,I1,2019-05-14,Oil Work,New Job Filing,2010002,801 CROTONA PARK NORTH,206,BRONX,-73.89076232910156,40.84048843383789,1014475.6744641318,245508.81221102914
Temporary Oil Tank (above ground),X00111566-I1-LA,I1,2018-12-18,Oil Work,New Job Filing,2011401,2377 WASHINGTON AVENUE,206,BRONX,-73.8917465209961,40.85734176635742,1014195.7639629579,251648.77771494366
Temporary DOB registered oil fired mobile boiler,X00088721-I1-LA,I1,2018-10-16,Oil Work,New Job Filing,2011401,2377 WASHINGTON AVENUE,206,BRONX,-73.8917465209961,40.85734176635742,1014195.7639629579,251648.77771494366
Temporary DOB registered oil fired mobile boiler,X00100641-I1-LA,I1,2018-11-16,Oil Work,New Job Filing,2011753,480 EAST  188 STREET,206,BRONX,-73.89031982421875,40.857749938964844,1014590.239466528,251797.98152543767
Temporary DOB registered oil fired mobile boiler,X00271805-I1-LA,I1,2019-11-25,Oil Work,New Job Filing,2011774,496 EAST  189 STREET,206,BRONX,-73.88935852050781,40.858829498291016,1014855.6628244062,252191.64068124382
Temporary Oil Tank (above ground),X00185239-I1-LA,I1,2019-06-25,Oil Work,New Job Filing,2012565,2500 BELMONT AVENUE,206,BRONX,-73.88394927978516,40.85715103149414,1016352.7771259958,251582.04727116993
Temporary Oil Tank (above ground),X00162046-I1-LA,I1,2019-05-02,Oil Work,New Job Filing,2012824,2308 CROTONA AVENUE,206,BRONX,-73.88416290283203,40.85219955444336,1016296.068826329,249777.95793239487
Temporary DOB registered oil fired mobile boiler,X00271704-I1-LA,I1,2019-11-25,Oil Work,New Job Filing,2013612,2537 VALENTINE AVENUE,207,BRONX,-73.89539337158203,40.86341094970703,1013184.3089016558,253858.78856103943
Temporary DOB registered oil fired mobile boiler,X00152958-I1-LA,I1,2019-04-10,Oil Work,New Job Filing,2014018,2386 WALTON AVENUE,205,BRONX,-73.90115356445312,40.86056900024414,1011592.2022924282,252821.50659783513
Temporary Oil Tank (above ground),X00246580-I1-LA,I1,2019-10-15,Oil Work,New Job Filing,2014385,2604 DAVIDSON AVENUE,207,BRONX,-73.89923095703125,40.8663215637207,1012121.6090995778,254917.99356909088
Temporary DOB registered oil fired mobile boiler,X00108976-I1-LA,I1,2018-12-11,Oil Work,New Job Filing,2014919,2295 ANDREWS AVENUE,207,BRONX,-73.90792846679688,40.86124038696289,1009717.9203044208,253064.07640531604
Temporary Oil Tank (above ground),X00167310-I1-LA,I1,2019-05-14,Oil Work,New Job Filing,2015426,2850 CLAFLIN AVENUE,208,BRONX,-73.89948272705078,40.87303924560547,1012049.1638037316,257365.427227436
Temporary DOB registered oil fired mobile boiler,X00137970-I1-LA,I1,2019-03-05,Oil Work,New Job Filing,2015482,98 VAN CORTLANDT PARK SOUTH,208,BRONX,-73.89151763916016,40.884639739990234,1014246.761670238,261594.5744890251
Temporary DOB registered oil fired mobile boiler,X00097440-I1-LA,I1,2018-11-07,Oil Work,New Job Filing,2015482,98 VAN CORTLANDT PARK SOUTH,208,BRONX,-73.89151763916016,40.884639739990234,1014246.761670238,261594.5744890251
Temporary DOB registered oil fired mobile boiler,X00209535-I1-LA,I1,2019-08-13,Oil Work,New Job Filing,2016259,617 EAST FORDHAM ROAD,206,BRONX,-73.88446807861328,40.8585205078125,1016208.6053124741,252080.8100739077
Temporary Oil Tank (above ground),X00255517-I1-LA,I1,2019-10-30,Oil Work,New Job Filing,2016314,2578 MARION AVENUE,207,BRONX,-73.8917007446289,40.86328125,1014205.751504275,253812.77519735674
Temporary DOB registered oil fired mobile boiler,X00264741-I1-LA,I1,2019-11-13,Oil Work,New Job Filing,2016355,389 EAST  194 STREET,207,BRONX,-73.88957214355469,40.86341094970703,1014794.4661699391,253860.7648764559
Temporary DOB registered oil fired mobile boiler,X00259864-I1-LA,I1,2019-11-07,Oil Work,New Job Filing,2016462,367 EAST  201 STREET,207,BRONX,-73.88223266601562,40.86946105957031,1016821.6090304852,256067.6984454968
Temporary DOB registered oil fired mobile boiler,X00239905-I1-LA,I1,2019-10-03,Oil Work,New Job Filing,2017000,2686 VALENTINE AVENUE,207,BRONX,-73.89253234863281,40.86619186401367,1013974.4275893491,254872.94113592486
Temporary Oil Tank (above ground),X00175237-I1-LA,I1,2019-06-03,Oil Work,New Job Filing,2017333,3176 VILLA AVENUE,207,BRONX,-73.88671875,40.876258850097656,1015577.6640332588,258542.76348970426
Temporary Oil Tank (above ground),X00166623-I1-LA,I1,2019-05-13,Oil Work,New Job Filing,2017492,2705 MORRIS AVENUE,207,BRONX,-73.89591979980469,40.868038177490234,1013036.6952356172,255544.49349507963
Temporary DOB registered oil fired mobile boiler,X00103153-I1-LA,I1,2018-11-26,Oil Work,New Job Filing,2017754,15 EAST MOSHOLU PARKWAY NORTH,207,BRONX,-73.8833236694336,40.88008117675781,1016514.7101284862,259936.62046809943
Temporary DOB registered oil fired mobile boiler,X00090984-I1-LA,I1,2018-10-22,Oil Work,New Job Filing,2017936,323 EAST MOSHOLU PARKWAY NORTH,207,BRONX,-73.88007354736328,40.87202072143555,1017417.4921223129,257001.0932633879
Temporary Oil Tank (above ground),X00110121-I1-LA,I1,2018-12-13,Oil Work,New Job Filing,2021306,522 ROSEDALE AVENUE,209,BRONX,-73.8650894165039,40.81536102294922,1021593.372434076,236363.8864014822
Temporary Oil Tank (above ground),X00110126-I1-LA,I1,2018-12-13,Oil Work,New Job Filing,2021309,551 COMMONWEALTH AVENUE,209,BRONX,-73.86495971679688,40.81642150878906,1021628.6777685194,236750.31432330026
Temporary Oil Tank (above ground),X00266679-I1-LA,I1,2019-11-17,Oil Work,New Job Filing,2022564,950 EVERGREEN AVENUE,209,BRONX,-73.87914276123047,40.822200775146484,1017699.9582719565,238850.1734692058
Temporary DOB registered oil fired mobile boiler,X00131086-I1-LA,I1,2019-02-14,Oil Work,New Job Filing,2023475,1057 BOYNTON AVENUE,209,BRONX,-73.87786865234375,40.825809478759766,1018050.7632091567,240165.4433230163
Temporary DOB registered oil fired mobile boiler,X00089369-I1-LA,I1,2018-10-17,Oil Work,New Job Filing,2023883,1111 WARD AVENUE,209,BRONX,-73.87706756591797,40.82646942138672,1018272.1322884182,240406.19440912185
Temporary DOB registered oil fired mobile boiler,X00093941-I1-LA,I1,2018-10-30,Oil Work,New Job Filing,2024862,1230 LELAND AVENUE,209,BRONX,-73.8630599975586,40.831241607666016,1022146.0719889321,242150.62519031222
Temporary DOB registered oil fired mobile boiler,Permit Not Yet Issued,I1,2018-11-04,Oil Work,New Job Filing,2024880,1901 GLEASON AVENUE,209,BRONX,-73.86131286621094,40.830718994140625,1022629.8651908333,241960.9787444754
Temporary DOB registered oil fired mobile boiler,X00221502-I1-LA,I1,2019-09-04,Oil Work,New Job Filing,2025696,1075 PUGSLEY AVENUE,209,BRONX,-73.8573989868164,40.8284797668457,1023714.3077050922,241146.88610752625
Temporary Oil Tank (above ground),X00256531-I1-LA,I1,2019-10-31,Oil Work,New Job Filing,2026218,2037 POWELL AVENUE,209,BRONX,-73.85555267333984,40.830810546875,1024223.867425286,241996.91091185083
Temporary DOB registered oil fired mobile boiler,X00252003-I1-LA,I1,2019-10-24,Oil Work,New Job Filing,2028357,1104 EAST TREMONT AVENUE,206,BRONX,-73.87722778320312,40.83974838256836,1018221.0106895083,245244.1435869683
Temporary DOB registered oil fired mobile boiler,X00089661-I1-LA,I1,2018-10-18,Oil Work,New Job Filing,2028626,1534 BEACH AVENUE,209,BRONX,-73.86711120605469,40.838890075683594,1021020.734836144,244935.51565564732
Temporary Oil Tank (above ground),X00267272-I1-LA,I1,2019-11-18,Oil Work,New Job Filing,2044430,1633 RADCLIFF AVENUE,211,BRONX,-73.85550689697266,40.84529113769531,1024227.8328642255,247272.74323372927
Temporary Oil Tank (above ground),X00252272-I1-LA,I1,2019-10-24,Oil Work,New Job Filing,2046201,3121 MIDDLETOWN ROAD,210,BRONX,-73.82653045654297,40.845558166503906,1032244.7280804163,247384.58203723704
Temporary DOB registered oil fired mobile boiler,X00108772-I1-LA,I1,2018-12-11,Oil Work,New Job Filing,2049390,626 PELHAM PARKWAY,211,BRONX,-73.86837005615234,40.85639953613281,1020662.8213521978,251314.34167684853
Temporary Oil Tank (above ground),X00149387-I1-LA,I1,2019-04-02,Oil Work,New Job Filing,2049528,2155 PAULDING AVENUE,211,BRONX,-73.86070251464844,40.85523986816406,1022784.5652457654,250895.11078719035
Temporary Oil Tank (above ground),X00255692-I1-LA,I1,2019-10-30,Oil Work,New Job Filing,2055700,827 ADEE AVENUE,212,BRONX,-73.86213684082031,40.86988067626953,1022379.3855551255,256228.69093898486
Temporary Oil Tank (above ground),X00255798-I1-LA,I1,2019-10-30,Oil Work,New Job Filing,2058008,708 EAST  218 STREET,212,BRONX,-73.86283874511719,40.882511138916016,1022178.0515906184,260830.15945191836
Temporary DOB registered oil fired mobile boiler,X00100374-I1-LA,I1,2018-11-15,Oil Work,New Job Filing,2062963,654 EAST  224 STREET,212,BRONX,-73.86257934570312,40.88740921020508,1022246.9814909169,262614.8343368603
Temporary Oil Tank (above ground),X00092018-I1-LA,I1,2018-10-24,Oil Work,New Job Filing,2065164,1050 EAST  230 STREET,212,BRONX,-73.8482437133789,40.88764953613281,1026210.6461523634,262708.9373656
Temporary DOB registered oil fired mobile boiler,Permit Not Yet Issued,I1,2019-08-22,Oil Work,New Job Filing,2078259,3255 RANDALL AVENUE,210,BRONX,-73.8143310546875,40.830108642578125,1035631.9263999304,241762.6769725527
Temporary DOB registered oil fired mobile boiler,X00088503-S1-LA,S1,2019-04-29,Oil Work,Subsequent Filing,2083246,555 KAPPOCK STREET,208,BRONX,-73.91686248779297,40.878089904785156,1007240.853831563,259200.54312748916
Temporary DOB registered oil fired mobile boiler,X00088503-I1-LA,I1,2018-10-16,Oil Work,New Job Filing,2083246,555 KAPPOCK STREET,208,BRONX,-73.91686248779297,40.878089904785156,1007240.853831563,259200.54312748916
Temporary DOB registered oil fired mobile boiler,X00259500-I1-LA,I1,2019-11-05,Oil Work,New Job Filing,2087375,3893 DYRE AVENUE,212,BRONX,-73.83180236816406,40.88875961303711,1030755.8997686642,263121.6849191212
Temporary DOB registered oil fired mobile boiler,X00109980-I1-LA,I1,2018-12-13,Oil Work,New Job Filing,2088351,480 EAST  185 STREET,206,BRONX,-73.89192962646484,40.85615921020508,1014145.6437410883,251217.86485232643
Temporary Oil Tank (above ground),X00255823-I1-LA,I1,2019-10-31,Oil Work,New Job Filing,2090982,181 HALL OF FAME TERRACE,207,BRONX,-73.91114044189453,40.859580993652344,1008830.0690051873,252458.57802139164
Temporary DOB registered oil fired mobile boiler,X00260345-I1-LA,I1,2019-11-06,Oil Work,New Job Filing,2092142,1805 CROTONA AVENUE,206,BRONX,-73.89431762695312,40.843021392822266,1013490.8233151734,246430.45662395522
Temporary DOB registered oil fired mobile boiler,X00199281-I1-LA,I1,2019-07-24,Oil Work,New Job Filing,2092142,1805 CROTONA AVENUE,206,BRONX,-73.89431762695312,40.843021392822266,1013490.8233151734,246430.45662395522
Temporary DOB registered oil fired mobile boiler,X00225817-I1-LA,I1,2019-09-11,Oil Work,New Job Filing,2092718,755 WHITE PLAINS ROAD,209,BRONX,-73.85991668701172,40.8206787109375,1023022.0891914929,238303.55668659823
Temporary DOB registered oil fired mobile boiler,X00097024-I1-LA,I1,2018-11-06,Oil Work,New Job Filing,2092759,820 THERIOT AVENUE,209,BRONX,-73.86183166503906,40.82204818725586,1022491.2773418379,238801.66409117196
Temporary DOB registered oil fired mobile boiler,X00097958-I1-LA,I1,2018-11-08,Oil Work,New Job Filing,2093290,2106 WALLACE AVENUE,211,BRONX,-73.8643798828125,40.85337829589844,1021768.3272553788,250215.27323720956
Temporary DOB registered oil fired mobile boiler,null,P1,2019-08-30,Oil Work,PAA,2102035,499 EAST FORDHAM ROAD,206,BRONX,-73.88533020019531,40.86162185668945,1015968.6449868209,253210.43697773063
Temporary DOB registered oil fired mobile boiler,null,P1,2019-07-24,Oil Work,PAA,2102035,499 EAST FORDHAM ROAD,206,BRONX,-73.88533020019531,40.86162185668945,1015968.6449868209,253210.43697773063
Temporary DOB registered oil fired mobile boiler,X00199360-I1-LA,I1,2019-07-24,Oil Work,New Job Filing,2102035,499 EAST FORDHAM ROAD,206,BRONX,-73.88533020019531,40.86162185668945,1015968.6449868209,253210.43697773063
Temporary DOB registered oil fired mobile boiler,X00188242-I1-LA,I1,2019-07-16,Oil Work,New Job Filing,2102035,499 EAST FORDHAM ROAD,206,BRONX,-73.88533020019531,40.86162185668945,1015968.6449868209,253210.43697773063
Temporary DOB registered oil fired mobile boiler,X00120013-I1-LA,I1,2019-01-16,Oil Work,New Job Filing,2120210,1880 BOSTON ROAD,206,BRONX,-73.88262939453125,40.839210510253906,1016726.6510385618,245046.12808475885
Temporary Oil Tank (above ground),B00244061-I1-LA,I1,2019-10-10,Oil Work,New Job Filing,3000203,50 NAVY STREET,302,BROOKLYN,-73.98111724853516,40.69784927368164,989485.9938277961,193522.32983456153
Temporary Oil Tank (above ground),Permit Not Yet Issued,I1,2019-06-17,Oil Work,New Job Filing,3008330,700 HICKS STREET,306,BROOKLYN,-74.0045166015625,40.678340911865234,982997.2261102073,186414.3320826486
Temporary DOB registered oil fired mobile boiler,B00169821-I1-LA,I1,2019-05-20,Oil Work,New Job Filing,3008350,68 NELSON STREET,306,BROOKLYN,-74.00324249267578,40.677528381347656,983350.6158948161,186118.288215819
Temporary DOB registered oil fired mobile boiler,B00249424-I1-LA,I1,2019-10-25,Oil Work,New Job Filing,3008471,722 HENRY STREET,306,BROOKLYN,-74.00347137451172,40.6761589050293,983287.1101856275,185619.35114083104
Temporary DOB registered oil fired mobile boiler,B00102291-I1-LA,I1,2018-11-21,Oil Work,New Job Filing,3013802,14 53 STREET,307,BROOKLYN,-74.02368927001953,40.650020599365234,977676.4953646632,176097.30186719474
Temporary Oil Tank (above ground),B00229644-I1-LA,I1,2019-09-17,Oil Work,New Job Filing,3018883,100 6 AVENUE,306,BROOKLYN,-73.9757080078125,40.679298400878906,990987.7951798363,186764.07482857112
Temporary DOB registered oil fired mobile boiler,B00283096-I1-LA,I1,2019-12-17,Oil Work,New Job Filing,3019440,71 LINCOLN PLACE,306,BROOKLYN,-73.97754669189453,40.67715072631836,990478.0056047188,185981.4791959054
Temporary DOB registered oil fired mobile boiler,B00264935-I1-LA,I1,2019-11-14,Oil Work,New Job Filing,3037057,1362 ST JOHNS PLACE,308,BROOKLYN,-73.93321228027344,40.670440673828125,1002777.163394666,183543.08022417288
Temporary DOB registered oil fired mobile boiler,B00128358-I1-LA,I1,2019-02-07,Oil Work,New Job Filing,3037372,1199 EASTERN PARKWAY,308,BROOKLYN,-73.92870330810547,40.66912078857422,1004028.3602692779,183063.1945882259
Temporary Oil Tank (above ground),B00267352-I1-LA,I1,2019-11-18,Oil Work,New Job Filing,3037516,1018 EASTERN PARKWAY,309,BROOKLYN,-73.93460083007812,40.66852951049805,1002392.4943982359,182846.49877707512
Temporary Oil Tank (above ground),B00263130-I1-LA,I1,2019-11-12,Oil Work,New Job Filing,3037732,1646 UNION STREET,309,BROOKLYN,-73.9343032836914,40.66781997680664,1002475.2311032782,182588.05740653467
Temporary DOB registered oil fired mobile boiler,B00272115-I1-LA,I1,2019-11-26,Oil Work,New Job Filing,3038023,1500 CARROLL STREET,309,BROOKLYN,-73.93839263916016,40.66624069213867,1001341.1888737677,182011.85517668852
Temporary DOB registered oil fired mobile boiler,B00145433-I1-LA,I1,2019-03-22,Oil Work,New Job Filing,3038309,826 CROWN STREET,309,BROOKLYN,-73.92986297607422,40.664859771728516,1003707.9007192417,181510.52653768286
Temporary Oil Tank (above ground),Permit Not Yet Issued,I1,2019-10-02,Oil Work,New Job Filing,3038411,897 EMPIRE BOULEVARD,309,BROOKLYN,-73.9323501586914,40.66379165649414,1003018.1898977517,181120.83953480975
Temporary DOB registered oil fired mobile boiler,B00271553-I1-LA,I1,2019-11-25,Oil Work,New Job Filing,3042090,1958 FULTON STREET,303,BROOKLYN,-73.91995239257812,40.67832946777344,1006452.8785198525,186420.2750292094
Temporary DOB registered oil fired mobile boiler,B00281168-I1-LA,I1,2019-12-13,Oil Work,New Job Filing,3048517,70 TOMPKINS AVENUE,303,BROOKLYN,-73.94757080078125,40.69668960571289,998788.3327627758,193103.61489279903
Temporary Oil Tank (above ground),B00261178-I1-LA,I1,2019-11-07,Oil Work,New Job Filing,3049020,195 SANDFORD STREET,303,BROOKLYN,-73.95250701904297,40.69261932373047,997420.350338895,191619.91066023803
Temporary Oil Tank (above ground),B00267197-I1-LA,I1,2019-11-18,Oil Work,New Job Filing,3050056,145 VAN BUREN STREET,303,BROOKLYN,-73.94026184082031,40.69063186645508,1000816.5725516045,190897.90022914036
Temporary Oil Tank (above ground),B00242847-I1-LA,I1,2019-10-09,Oil Work,New Job Filing,3055149,938 KENT AVENUE,303,BROOKLYN,-73.95919036865234,40.692230224609375,995567.0467443205,191477.21628375378
Temporary Oil Tank (above ground),B00244159-I1-LA,I1,2019-10-10,Oil Work,New Job Filing,3055843,405 CARLTON AVENUE,302,BROOKLYN,-73.97102355957031,40.68552017211914,992286.3563122213,189031.24104964893
Temporary Oil Tank (above ground),B00173955-I1-LA,I1,2019-05-30,Oil Work,New Job Filing,3058410,121 DEKALB AVENUE,302,BROOKLYN,-73.9779281616211,40.69057846069336,990370.9624504849,190873.56518988445
Temporary DOB registered oil fired mobile boiler,B00100816-I1-LA,I1,2018-11-16,Oil Work,New Job Filing,3063096,136 SOUTH    2 STREET,301,BROOKLYN,-73.96240997314453,40.71323013305664,994670.925013255,199127.70993248772
Temporary Oil Tank (above ground),B00265181-I1-LA,I1,2019-11-14,Oil Work,New Job Filing,3067886,722 LORIMER STREET,301,BROOKLYN,-73.94986724853516,40.718570709228516,998146.9778974716,201075.1854574323
Temporary Oil Tank (above ground),null,P1,2019-06-05,Oil Work,PAA,3069267,272 AINSLIE STREET,301,BROOKLYN,-73.94312286376953,40.71295928955078,1000017.8726561565,199031.9165514973
Temporary Oil Tank (above ground),B00159226-I1-LA,I1,2019-04-25,Oil Work,New Job Filing,3069267,272 AINSLIE STREET,301,BROOKLYN,-73.94312286376953,40.71295928955078,1000017.8726561565,199031.9165514973
Temporary Oil Tank (above ground),B00175251-I1-LA,I1,2019-06-03,Oil Work,New Job Filing,3070800,16 TEN EYCK STREET,301,BROOKLYN,-73.9497299194336,40.709259033203125,998186.9929057659,197682.6811750646
Temporary Oil Tank (above ground),B00162032-I1-LA,I1,2019-05-02,Oil Work,New Job Filing,3070801,417 LORIMER STREET,301,BROOKLYN,-73.94893646240234,40.7093391418457,998406.955722125,197711.99440395145
Temporary Oil Tank (above ground),B00160906-I1-LA,I1,2019-04-30,Oil Work,New Job Filing,3070857,391 LORIMER STREET,301,BROOKLYN,-73.9489517211914,40.70861053466797,998402.8800419456,197446.5384114192
Temporary Oil Tank (above ground),B00092324-I1-LA,I1,2018-10-25,Oil Work,New Job Filing,3071834,890 FLUSHING AVENUE,304,BROOKLYN,-73.93607330322266,40.70193099975586,1001975.1324168007,195015.32738875438
Temporary Oil Tank (above ground),B00126874-I1-LA,I1,2019-02-06,Oil Work,New Job Filing,3076110,113 LINDEN STREET,304,BROOKLYN,-73.9198226928711,40.69334030151367,1006483.8477959473,191889.18902509654
Temporary DOB registered oil fired mobile boiler,Permit Not Yet Issued,I1,2019-06-11,Oil Work,New Job Filing,3080068,629 CHAUNCEY STREET,304,BROOKLYN,-73.90986633300781,40.68321990966797,1009248.6238906895,188204.72073892498
Temporary DOB registered oil fired mobile boiler,B00244844-I1-LA,I1,2019-10-11,Oil Work,New Job Filing,3080068,629 CHAUNCEY STREET,304,BROOKLYN,-73.90986633300781,40.68321990966797,1009248.6238906895,188204.72073892498
Temporary DOB registered oil fired mobile boiler,Permit Not Yet Issued,I1,2019-12-13,Oil Work,New Job Filing,3082389,411 THATFORD AVENUE,316,BROOKLYN,-73.90692901611328,40.66044998168945,1010072.1042161227,179909.84433543825
Temporary Oil Tank (above ground),B00250469-I1-LA,I1,2019-10-22,Oil Work,New Job Filing,3083947,2164 PITKIN AVENUE,305,BROOKLYN,-73.89256286621094,40.6721305847168,1014052.7032666414,184169.9762539659
Temporary Oil Tank (above ground),B00201667-I1-LA,I1,2019-07-29,Oil Work,New Job Filing,3086553,1 ELTON STREET,305,BROOKLYN,-73.88536071777344,40.68363952636719,1016045.06669817,188365.54327153193
Temporary DOB registered oil fired mobile boiler,B00106796-I1-LA,I1,2018-12-05,Oil Work,New Job Filing,3102215,290 EAST   53 STREET,317,BROOKLYN,-73.9278793334961,40.65272903442383,1004261.8552320603,177091.40874873626
Temporary DOB registered oil fired mobile boiler,B00130543-I1-LA,I1,2019-02-13,Oil Work,New Job Filing,3110482,1084 NEW YORK AVENUE,317,BROOKLYN,-73.94654846191406,40.64670181274414,999082.9346409903,174891.81337786352
Temporary Oil Tank (above ground),B00089286-I1-LA,I1,2018-10-17,Oil Work,New Job Filing,3115909,79 WOODRUFF AVENUE,314,BROOKLYN,-73.96369171142578,40.65354919433594,994324.6066117275,177384.06552329042
Temporary DOB registered oil fired mobile boiler,B00190364-I1-LA,I1,2019-07-09,Oil Work,New Job Filing,3116551,100 EAST   21 STREET,314,BROOKLYN,-73.96054077148438,40.651649475097656,995199.222285696,176692.32346768462
Temporary DOB registered oil fired mobile boiler,B00102492-I1-LA,I1,2018-11-21,Oil Work,New Job Filing,3117833,2819 TILDEN AVENUE,317,BROOKLYN,-73.95034790039062,40.647071838378906,998028.5047260899,175026.003341038
Temporary Oil Tank (above ground),B00106437-I1-LA,I1,2018-12-04,Oil Work,New Job Filing,3118209,703 CONEY ISLAND AVENUE,314,BROOKLYN,-73.96875,40.64038848876953,992922.7735658014,172588.71873248526
Temporary DOB registered oil fired mobile boiler,B00167820-I1-LA,I1,2019-05-15,Oil Work,New Job Filing,3137062,902 47 STREET,312,BROOKLYN,-73.99967956542969,40.64113998413086,984338.9288074208,172860.96207875642
Temporary Oil Tank (above ground),B00175238-I1-LA,I1,2019-06-03,Oil Work,New Job Filing,3137932,5001 10 AVENUE,312,BROOKLYN,-73.99919891357422,40.638118743896484,984472.3320847551,171760.2431821
Temporary DOB registered oil fired mobile boiler,B00230128-I1-LA,I1,2019-09-18,Oil Work,New Job Filing,3139194,938 54 STREET,312,BROOKLYN,-74.00308990478516,40.636810302734375,983392.4165724127,171283.55680478617
Temporary Oil Tank (above ground),B00254796-I1-LA,I1,2019-10-29,Oil Work,New Job Filing,3142907,1364 67 STREET,310,BROOKLYN,-74.00138092041016,40.62369155883789,983866.6589737115,166504.03538694768
Temporary DOB registered oil fired mobile boiler,B00173004-I1-LA,I1,2019-05-28,Oil Work,New Job Filing,3152499,465 84 STREET,310,BROOKLYN,-74.02584838867188,40.62342834472656,977074.5055245392,166409.19517277015
Temporary Oil Tank (above ground),B00215271-I1-LA,I1,2019-08-22,Oil Work,New Job Filing,3179164,1270 OCEAN AVENUE,314,BROOKLYN,-73.95787048339844,40.631290435791016,995943.7462252908,169275.31771104262
Temporary DOB registered oil fired mobile boiler,B00266514-I1-LA,I1,2019-11-16,Oil Work,New Job Filing,3179400,1710 AVENUE H,314,BROOKLYN,-73.95974731445312,40.62997055053711,995423.0216377568,168794.20327396845
Temporary DOB registered oil fired mobile boiler,B00246267-I1-LA,I1,2019-10-15,Oil Work,New Job Filing,3180184,1524 OCEAN AVENUE,314,BROOKLYN,-73.95668029785156,40.62480926513672,996275.2696634773,166914.21585221912
Temporary DOB registered oil fired mobile boiler,B00108745-I1-LA,I1,2018-12-11,Oil Work,New Job Filing,3180679,1617 AVENUE M,314,BROOKLYN,-73.95852661132812,40.6185188293457,995763.8300524607,164622.19611510725
Temporary Oil Tank (above ground),B00229314-I1-LA,I1,2019-09-17,Oil Work,New Job Filing,3183931,1310 AVENUE R,315,BROOKLYN,-73.95906829833984,40.60540008544922,995615.6803982871,159842.6257103391
Temporary Oil Tank (above ground),B00175370-I1-LA,I1,2019-06-03,Oil Work,New Job Filing,3205005,1619 SHEEPSHEAD BAY ROAD,315,BROOKLYN,-73.95210266113281,40.58713150024414,997553.4977293831,153187.8961885756
Temporary Oil Tank (above ground),B00267784-I1-LA,I1,2019-11-19,Oil Work,New Job Filing,3228204,9221 DITMAS AVENUE,317,BROOKLYN,-73.91287994384766,40.649620056152344,1008424.972177872,175962.50573908776
Temporary Oil Tank (above ground),B00139289-I1-LA,I1,2019-03-07,Oil Work,New Job Filing,3228204,9221 DITMAS AVENUE,317,BROOKLYN,-73.91287994384766,40.649620056152344,1008424.972177872,175962.50573908776
Temporary Oil Tank (above ground),B00139286-I1-LA,I1,2019-03-07,Oil Work,New Job Filing,3228204,9221 DITMAS AVENUE,317,BROOKLYN,-73.91287994384766,40.649620056152344,1008424.972177872,175962.50573908776
Temporary Oil Tank (above ground),B00139265-I1-LA,I1,2019-03-07,Oil Work,New Job Filing,3228204,9221 DITMAS AVENUE,317,BROOKLYN,-73.91287994384766,40.649620056152344,1008424.972177872,175962.50573908776
Temporary Oil Tank (above ground),B00139256-I1-LA,I1,2019-03-07,Oil Work,New Job Filing,3228204,9221 DITMAS AVENUE,317,BROOKLYN,-73.91287994384766,40.649620056152344,1008424.972177872,175962.50573908776
Temporary DOB registered oil fired mobile boiler,B00223223-I1-LA,I1,2019-09-06,Oil Work,New Job Filing,3242369,2529 GERRITSEN AVENUE,318,BROOKLYN,-73.92784118652344,40.595821380615234,1004289.5190739989,156358.45635304996
Temporary DOB registered oil fired mobile boiler,B00254596-I1-LA,I1,2019-10-29,Oil Work,New Job Filing,3246887,1516 ORIENTAL BOULEVARD,315,BROOKLYN,-73.93830871582031,40.57619094848633,1001387.5760164879,149204.3774038233
Temporary Oil Tank (above ground),B00102792-I1-LA,I1,2018-11-24,Oil Work,New Job Filing,3326986,409 14 STREET,306,BROOKLYN,-73.98245239257812,40.66334915161133,989118.2899660331,180952.8630025429
Temporary Oil Tank (above ground),B00138509-I1-LA,I1,2019-03-07,Oil Work,New Job Filing,3328003,32 ARION PLACE,304,BROOKLYN,-73.93563842773438,40.69858169555664,1002096.6080998647,193795.16484791547
Temporary DOB registered oil fired mobile boiler,B00270909-I1-LA,I1,2019-11-22,Oil Work,New Job Filing,3328034,550 SUTTER AVENUE,305,BROOKLYN,-73.89842224121094,40.66865921020508,1012428.7994659265,182903.3176276904
Temporary DOB registered oil fired mobile boiler,B00273596-I1-LA,I1,2019-12-02,Oil Work,New Job Filing,3334961,200 WILLOUGHBY AVENUE,302,BROOKLYN,-73.9638900756836,40.69102096557617,994263.9379539294,191036.07554874968
Temporary Oil Tank (above ground),B00101566-I1-LA,I1,2018-11-19,Oil Work,New Job Filing,3335262,102 CUMBERLAND WALK,302,BROOKLYN,-73.97467803955078,40.69466018676758,991271.8564357817,192360.90175554005
Temporary Oil Tank (above ground),B00101564-I1-LA,I1,2018-11-19,Oil Work,New Job Filing,3335262,102 CUMBERLAND WALK,302,BROOKLYN,-73.97467803955078,40.69466018676758,991271.8564357817,192360.90175554005
Temporary DOB registered oil fired mobile boiler,null,P1,2018-12-27,Oil Work,PAA,3335262,102 CUMBERLAND WALK,302,BROOKLYN,-73.97467803955078,40.69466018676758,991271.8564357817,192360.90175554005
Temporary DOB registered oil fired mobile boiler,B00101563-I1-LA,I1,2018-11-19,Oil Work,New Job Filing,3335262,102 CUMBERLAND WALK,302,BROOKLYN,-73.97467803955078,40.69466018676758,991271.8564357817,192360.90175554005
Temporary DOB registered oil fired mobile boiler,B00101557-I1-LA,I1,2018-11-19,Oil Work,New Job Filing,3335262,102 CUMBERLAND WALK,302,BROOKLYN,-73.97467803955078,40.69466018676758,991271.8564357817,192360.90175554005
Temporary DOB registered oil fired mobile boiler,B00101546-I1-LA,I1,2018-11-19,Oil Work,New Job Filing,3335262,102 CUMBERLAND WALK,302,BROOKLYN,-73.97467803955078,40.69466018676758,991271.8564357817,192360.90175554005
Temporary Oil Tank (above ground),null,P1,2019-03-22,Oil Work,PAA,3335882,172 CADMAN PLAZA EAST,302,BROOKLYN,-73.99054718017578,40.69845962524414,986871.1462623316,193744.27609043889
Temporary Oil Tank (above ground),B00142750-I1-LA,I1,2019-03-16,Oil Work,New Job Filing,3335882,172 CADMAN PLAZA EAST,302,BROOKLYN,-73.99054718017578,40.69845962524414,986871.1462623316,193744.27609043889
Temporary Oil Tank (above ground),B00135822-I1-LA,I1,2019-02-27,Oil Work,New Job Filing,3336089,226 NEVINS STREET,306,BROOKLYN,-73.98635864257812,40.68146896362305,988033.5382471243,187554.2338004164
Temporary Oil Tank (above ground),B00146767-I1-LA,I1,2019-03-26,Oil Work,New Job Filing,3337869,1150 CARROLL STREET,309,BROOKLYN,-73.95182037353516,40.66679000854492,997615.9408468978,182209.65223647808
Temporary DOB registered oil fired mobile boiler,null,P1,2019-05-14,Oil Work,PAA,3337869,1150 CARROLL STREET,309,BROOKLYN,-73.95182037353516,40.66679000854492,997615.9408468978,182209.65223647808
Temporary DOB registered oil fired mobile boiler,B00157250-I1-LA,I1,2019-04-19,Oil Work,New Job Filing,3337869,1150 CARROLL STREET,309,BROOKLYN,-73.95182037353516,40.66679000854492,997615.9408468978,182209.65223647808
Temporary DOB registered oil fired mobile boiler,B00279472-I1-LA,I1,2019-12-11,Oil Work,New Job Filing,3338267,287 MASPETH AVENUE,301,BROOKLYN,-73.9310302734375,40.72113037109375,1003367.9195384084,202011.2983923006
Temporary Oil Tank (above ground),B00152444-I1-LA,I1,2019-04-09,Oil Work,New Job Filing,3340264,2675 WEST   36 STREET,313,BROOKLYN,-74.0022964477539,40.580448150634766,983612.0972024492,150749.35572643494
Temporary Oil Tank (above ground),B00236829-I1-LA,I1,2019-09-28,Oil Work,New Job Filing,3341956,379 WASHINGTON AVENUE,302,BROOKLYN,-73.96517181396484,40.687381744384766,993909.0158252959,189710.0570338701
Temporary DOB registered oil fired mobile boiler,B00090780-I1-LA,I1,2018-10-22,Oil Work,New Job Filing,3379800,211 MCGUINESS BOULEVARD,301,BROOKLYN,-73.95137786865234,40.72959899902344,997725.9984248681,205092.89551485205
Temporary Oil Tank (above ground),B00089855-I1-LA,I1,2018-10-18,Oil Work,New Job Filing,3388701,1680 BEDFORD AVENUE,309,BROOKLYN,-73.95809936523438,40.66505813598633,995874.3315893067,181577.7866344581
Temporary DOB registered oil fired mobile boiler,B00260103-I1-LA,I1,2019-11-06,Oil Work,New Job Filing,3422980,362 MASPETH AVENUE,301,BROOKLYN,-73.92933654785156,40.71797180175781,1003838.3364745852,200860.90926203708
Temporary DOB registered oil fired mobile boiler,B00094002-I1-LA,I1,2018-10-30,Oil Work,New Job Filing,3422980,362 MASPETH AVENUE,301,BROOKLYN,-73.92933654785156,40.71797180175781,1003838.3364745852,200860.90926203708
Temporary Oil Tank (above ground),Q00109003-I1-LA,I1,2018-12-11,Oil Work,New Job Filing,4000539,2100 49 AVENUE,402,QUEENS,-73.94891357421875,40.742191314697266,998406.3209665819,209681.06056926347
Temporary DOB registered oil fired mobile boiler,Q00109003-I1-LA,I1,2018-12-13,Oil Work,New Job Filing,4000539,2100 49 AVENUE,402,QUEENS,-73.94891357421875,40.742191314697266,998406.3209665819,209681.06056926347
Temporary DOB registered oil fired mobile boiler,Q00204993-I1-LA,I1,2019-08-05,Oil Work,New Job Filing,4003534,31-10 THOMPSON AVENUE,402,QUEENS,-73.93515014648438,40.743961334228516,1002219.7621402859,210328.4587825715
Temporary DOB registered oil fired mobile boiler,null,P1,2019-12-17,Oil Work,PAA,4003546,30-02 48 AVENUE,402,QUEENS,-73.93762969970703,40.74095916748047,1001533.4619062061,209234.17524058398
Temporary DOB registered oil fired mobile boiler,Q00281039-I1-LA,I1,2019-12-12,Oil Work,New Job Filing,4003546,30-02 48 AVENUE,402,QUEENS,-73.93762969970703,40.74095916748047,1001533.4619062061,209234.17524058398
Temporary Oil Tank (above ground),Q00187222-I1-LA,I1,2019-07-01,Oil Work,New Job Filing,4005003,41-18 CRESCENT STREET,401,QUEENS,-73.93981170654297,40.75183868408203,1000926.0816020143,213197.50765538568
Temporary Oil Tank (above ground),Q00110400-I1-LA,I1,2018-12-14,Oil Work,New Job Filing,4007688,28-27 30 STREET,401,QUEENS,-73.92156982421875,40.76771926879883,1005975.0908643517,218987.32116430055
Temporary DOB registered oil fired mobile boiler,Q00122824-I1-LA,I1,2019-01-23,Oil Work,New Job Filing,4008971,31-18 35 STREET,401,QUEENS,-73.92096710205078,40.76240158081055,1006143.7923281454,217050.06271383082
Temporary Oil Tank (above ground),null,P1,2019-06-05,Oil Work,PAA,4013224,31-35 47 STREET,401,QUEENS,-73.91201782226562,40.75764083862305,1008624.6743424655,215317.93271944666
Temporary Oil Tank (above ground),Q00174270-I1-LA,I1,2019-05-30,Oil Work,New Job Filing,4013224,31-35 47 STREET,401,QUEENS,-73.91201782226562,40.75764083862305,1008624.6743424655,215317.93271944666
Temporary Oil Tank (above ground),null,P1,2019-06-05,Oil Work,PAA,4013231,31-13 47 STREET,401,QUEENS,-73.91159057617188,40.75817108154297,1008742.8440301244,215511.23659282914
Temporary Oil Tank (above ground),Q00174152-I1-LA,I1,2019-05-30,Oil Work,New Job Filing,4013231,31-13 47 STREET,401,QUEENS,-73.91159057617188,40.75817108154297,1008742.8440301244,215511.23659282914
Temporary DOB registered oil fired mobile boiler,Q00256369-I1-LA,I1,2019-10-31,Oil Work,New Job Filing,4017708,21-24 31 STREET,401,QUEENS,-73.90933227539062,40.77779006958008,1009361.0824371803,222659.7204524138
Temporary DOB registered oil fired mobile boiler,Permit Not Yet Issued,I1,2019-09-17,Oil Work,New Job Filing,4017708,21-24 31 STREET,401,QUEENS,-73.90933227539062,40.77779006958008,1009361.0824371803,222659.7204524138
Temporary DOB registered oil fired mobile boiler,Q00197621-I1-LA,I1,2019-07-22,Oil Work,New Job Filing,4020342,18-05 DITMARS BOULEVARD,401,QUEENS,-73.91940307617188,40.78252029418945,1006570.3164636445,224380.3740088732
Temporary DOB registered oil fired mobile boiler,Q00237154-I1-LA,I1,2019-09-30,Oil Work,New Job Filing,4031589,63-11 QUEENS BOULEVARD,402,QUEENS,-73.90189361572266,40.74169158935547,1011436.0019330337,209510.09054937534
Temporary Oil Tank (above ground),Q00092377-I1-LA,I1,2018-10-25,Oil Work,New Job Filing,4032965,26-49 96 STREET,403,QUEENS,-73.87254333496094,40.7611083984375,1019558.8827746713,216594.72504645507
Temporary DOB registered oil fired mobile boiler,Q00125922-I1-LA,I1,2019-01-31,Oil Work,New Job Filing,4047333,97-15 HORACE HARDING EXPRESSWAY,404,QUEENS,-73.8616714477539,40.735538482666016,1022585.3931931703,207283.3639468794
Temporary Oil Tank (above ground),Q00091863-I1-LA,I1,2018-10-24,Oil Work,New Job Filing,4047337,96-05 HORACE HARDING EXPRESSWAY,404,QUEENS,-73.8635025024414,40.73501968383789,1022078.2426364888,207093.55341797724
Temporary DOB registered oil fired mobile boiler,Q00090147-I1-LA,I1,2018-10-19,Oil Work,New Job Filing,4047337,96-05 HORACE HARDING EXPRESSWAY,404,QUEENS,-73.8635025024414,40.73501968383789,1022078.2426364888,207093.55341797724
Temporary DOB registered oil fired mobile boiler,Q00129645-I1-LA,I1,2019-02-11,Oil Work,New Job Filing,4052308,69-81 108 STREET,406,QUEENS,-73.8443374633789,40.723548889160156,1027396.968190293,202923.24943592065
Temporary DOB registered oil fired mobile boiler,Q00169129-I1-LA,I1,2019-05-17,Oil Work,New Job Filing,4052718,72-81 113 STREET,406,QUEENS,-73.8356704711914,40.719940185546875,1029801.7725245382,201612.87780734064
Temporary DOB registered oil fired mobile boiler,Q00169121-I1-LA,I1,2019-05-17,Oil Work,New Job Filing,4052720,72-61 113 STREET,406,QUEENS,-73.83596801757812,40.720550537109375,1029718.8770348622,201835.09264630554
Temporary Oil Tank (above ground),Q00269151-I1-LA,I1,2019-11-20,Oil Work,New Job Filing,4060207,5801 59 STREET,405,QUEENS,-73.90804290771484,40.72098922729492,1009739.9063808236,201965.72840621762
Temporary DOB registered oil fired mobile boiler,Q00262292-I1-LA,I1,2019-11-10,Oil Work,New Job Filing,4070445,69-10 65 DRIVE,405,QUEENS,-73.88590240478516,40.71500015258789,1015879.9484063425,199790.94534678056
Temporary DOB registered oil fired mobile boiler,Q00090078-I1-LA,I1,2018-10-19,Oil Work,New Job Filing,4074413,85-25 68 ROAD,406,QUEENS,-73.85893249511719,40.715450286865234,1023356.2326277671,199965.83212410528
Temporary DOB registered oil fired mobile boiler,Q00253697-I1-LA,I1,2019-10-28,Oil Work,New Job Filing,4084962,60-52 MADISON STREET,405,QUEENS,-73.89820861816406,40.70661926269531,1012471.9899066449,196733.33174774933
Temporary Oil Tank (above ground),Q00115453-I1-LA,I1,2019-01-03,Oil Work,New Job Filing,4092427,70-30 80 STREET,405,QUEENS,-73.87035369873047,40.7081184387207,1020194.0430132626,197289.7282424424
Temporary DOB registered oil fired mobile boiler,Q00252388-I1-LA,I1,2019-10-24,Oil Work,New Job Filing,4103056,152-20 11 AVENUE,407,QUEENS,-73.80899047851562,40.79206085205078,1037140.0993576852,227903.72221035848
Temporary DOB registered oil fired mobile boiler,Q00176188-I1-LA,I1,2019-06-04,Oil Work,New Job Filing,4146992,65-11 155 STREET,408,QUEENS,-73.81300354003906,40.73651885986328,1036072.0914115191,207665.5908117263
Temporary DOB registered oil fired mobile boiler,Q00186512-I1-LA,I1,2019-06-28,Oil Work,New Job Filing,4153296,195-02 69 AVENUE,408,QUEENS,-73.77758026123047,40.73598098754883,1045889.3778284137,207492.56874747245
Temporary Oil Tank (above ground),Q00255905-I1-LA,I1,2019-10-30,Oil Work,New Job Filing,4158912,4916 215 STREET,411,QUEENS,-73.76587677001953,40.75448989868164,1049114.7459168267,214244.384728375
Temporary Oil Tank (above ground),Q00271019-I1-LA,I1,2019-11-23,Oil Work,New Job Filing,4196792,89-29 129 STREET,409,QUEENS,-73.82140350341797,40.69866943359375,1033772.3384740537,193871.05808257143
Temporary Oil Tank (above ground),Q00255476-I1-LA,I1,2019-10-30,Oil Work,New Job Filing,4198876,10157 112 STREET,409,QUEENS,-73.83084106445312,40.686790466308594,1031163.794182026,189538.01461948536
Temporary DOB registered oil fired mobile boiler,Q00265479-I1-LA,I1,2019-11-14,Oil Work,New Job Filing,4200233,131-10 97 AVENUE,409,QUEENS,-73.81614685058594,40.693599700927734,1035233.8101730713,192027.0242199463
Temporary DOB registered oil fired mobile boiler,Q00091244-I1-LA,I1,2018-10-23,Oil Work,New Job Filing,4200398,97-20 VAN WYCK EXPRESSWAY,409,QUEENS,-73.81297302246094,40.69445037841797,1036113.2726597183,192338.81357866165
Temporary Oil Tank (above ground),Q00169012-I1-LA,I1,2019-05-17,Oil Work,New Job Filing,4210382,88-10 178 STREET,412,QUEENS,-73.78523254394531,40.71112060546875,1043790.9048819152,198429.89921209845
Temporary Oil Tank (above ground),Q00255567-I1-LA,I1,2019-10-30,Oil Work,New Job Filing,4217321,11138 169 STREET,412,QUEENS,-73.7823486328125,40.6927604675293,1044607.042717058,191742.7472858955
Temporary Oil Tank (above ground),Q00267235-I1-LA,I1,2019-11-18,Oil Work,New Job Filing,4238233,11626 191 STREET,412,QUEENS,-73.76091766357422,40.69300079345703,1050549.825716467,191845.7983156464
Temporary DOB registered oil fired mobile boiler,Q00102822-I1-LA,I1,2018-11-27,Oil Work,New Job Filing,4269861,123-27 MERRICK BOULEVARD,412,QUEENS,-73.76751708984375,40.68286895751953,1048729.5426082194,188149.5618198744
Temporary Oil Tank (above ground),Q00277647-I1-LA,I1,2019-12-07,Oil Work,New Job Filing,4284139,13420 244 STREET,413,QUEENS,-73.7311019897461,40.67192077636719,1058841.5491118622,184189.74800225173
Temporary Oil Tank (above ground),Q00183089-I1-LA,I1,2019-06-24,Oil Work,New Job Filing,4305198,183 BEACH  128 STREET,414,QUEENS,-73.84712219238281,40.57566833496094,1026719.1181317995,149045.0009982154
Temporary Oil Tank (above ground),Q00096567-I1-LA,I1,2018-11-05,Oil Work,New Job Filing,4431570,113-15 34 AVENUE,403,QUEENS,-73.85623931884766,40.757598876953125,1024077.6230506571,215323.0854885861
Temporary DOB registered oil fired mobile boiler,Q00094946-I1-LA,I1,2019-02-01,Oil Work,New Job Filing,4431570,113-15 34 AVENUE,403,QUEENS,-73.85623931884766,40.757598876953125,1024077.6230506571,215323.0854885861
Temporary DOB registered oil fired mobile boiler,Q00125669-I1-LA,I1,2019-01-31,Oil Work,New Job Filing,4437467,55-15 GRAND AVENUE,405,QUEENS,-73.9142074584961,40.7198600769043,1008031.536574554,201552.61073677035
Temporary Oil Tank (above ground),Q00261677-I1-LA,I1,2019-11-08,Oil Work,New Job Filing,4443472,134-09 CHERRY AVENUE,407,QUEENS,-73.82823181152344,40.75230026245117,1031840.6310897373,213406.60640201328
Temporary Oil Tank (above ground),Q00283642-I1-LA,I1,2019-12-17,Oil Work,New Job Filing,4443473,134-29 CHERRY AVENUE,407,QUEENS,-73.82823181152344,40.75230026245117,1031840.6310897373,213406.60640201328
Temporary DOB registered oil fired mobile boiler,Q00211325-I1-LA,I1,2019-08-15,Oil Work,New Job Filing,4453359,226-26 UNION TURNPIKE,411,QUEENS,-73.7445297241211,40.735660552978516,1055049.0184329539,207400.80935801973
Temporary DOB registered oil fired mobile boiler,Q00208930-I1-LA,I1,2019-08-12,Oil Work,New Job Filing,4456204,251-32 61 AVENUE,411,QUEENS,-73.72554016113281,40.75714111328125,1060287.0990266032,215242.7454911124
Temporary DOB registered oil fired mobile boiler,S00273662-I1-LA,I1,2019-11-29,Oil Work,New Job Filing,5037524,33 FERNDALE AVENUE,502,STATEN ISLAND,-74.15862274169922,40.59212875366211,940195.8129237012,155044.7717902225
Temporary Oil Tank (above ground),S00097755-I1-LA,I1,2018-11-08,Oil Work,New Job Filing,5113033,1000G RICHMOND TERRACE,501,STATEN ISLAND,-74.10175323486328,40.64405059814453,956012.1070718248,173937.77849888054
Temporary DOB registered oil fired mobile boiler,S00122100-I1-LA,I1,2019-01-22,Oil Work,New Job Filing,5127038,414 MARYLAND AVENUE,501,STATEN ISLAND,-74.0740966796875,40.608150482177734,963676.1078324061,160850.71245527623
Temporary DOB registered oil fired mobile boiler,null,P1,2019-08-13,Oil Work,PAA,5127042,424 MARYLAND AVENUE,501,STATEN ISLAND,-74.0740966796875,40.608150482177734,963676.1078324061,160850.71245527623
Temporary DOB registered oil fired mobile boiler,S00209747-I1-LA,I1,2019-08-13,Oil Work,New Job Filing,5127042,424 MARYLAND AVENUE,501,STATEN ISLAND,-74.0740966796875,40.608150482177734,963676.1078324061,160850.71245527623
